SEASON_ID,PLAYER_ID,TEAM_ID ,OFFRTG,DEFRTG,NETRTG,AST%,OREB%,DREB%,REB%,EFG%,TS%,USG%,PACE,PIE
19,1,22,107.4,105.9,1.5,16.6,4.7,16.5,10.6,50.7,53.8,21.3,99.28,10.9
19,2,12,107.2,100.2,7,18,0.8,8.8,4.9,48.3,51.8,20.6,103.35,7.8
19,3,21,96.4,105.8,-9.5,4.4,1.7,13.9,7.5,49.8,52.2,14.8,104.97,6.6
19,4,2,112.5,106.4,6.1,20.3,6.2,16.1,11.3,58.6,60.5,18.8,100.82,13.4
19,5,3,116.3,108.2,8.2,5.7,4.8,20.4,12.7,51.4,56.8,13.4,101.22,9.7
19,6,26,115.3,88.1,27.1,17.6,11.4,40.5,26.4,61.5,61,22.2,110.91,27.4
19,7,21,103.6,114.6,-11.1,14.2,2.1,15.1,8.4,46.9,52.3,18.5,99.46,9.1
19,8,14,101.3,99.8,1.6,4.7,0.7,6.7,3.6,48.7,50.7,12,104.4,4.1
19,9,1,105.6,102.4,3.2,20.5,3.5,7.9,5.8,51.4,56.9,18.4,102.62,9.6
19,10,1,106,110.4,-4.4,8.6,9,15.9,12.4,55.1,57.5,21.4,107.31,10
19,11,25,101.5,111.5,-10,8.5,8.5,15.1,11.7,54.9,57.1,14,106.19,6.9
19,12,10,108.8,107.9,0.9,4.1,7.5,15.2,11.4,56.4,56.9,13.1,103.91,6.5
19,13,12,110.7,112.2,-1.6,1.8,5.1,19.2,12.2,28.1,33.3,11.6,110.63,3.6
19,14,3,106.5,106.2,0.3,5.9,1.3,10.8,6,49.9,51.9,15.9,102.62,5.5
19,15,20,102.1,109.3,-7.2,13.1,2,10.7,6.3,49.8,56.4,20.7,101.44,9
19,16,22,124.3,115.5,8.8,5.2,8.2,25,15.8,62.5,69.2,12.5,104.09,11.1
19,17,23,104.7,109.7,-5,15.6,8.4,18.5,13.3,54.1,57.4,16.9,105.63,8
19,18,9,111.7,108.4,3.3,6.8,15.1,31.1,22.8,53.6,55.5,22.6,98.15,15.9
19,19,10,113.4,104.4,9,17.3,3.1,11.7,7.6,57.9,58.7,10.1,103.23,9
19,20,14,97.1,87.5,9.6,0,5.9,5.3,5.6,0,0,18.4,108.3,-9.3
19,21,10,114.3,110.5,3.9,10.4,10,29.7,20.8,50,52.3,14.8,102.35,9.2
19,22,19,103.2,108.7,-5.5,19.4,3.2,7.4,5.3,34.9,44.3,17.1,97.79,2.5
19,23,18,110.7,111.9,-1.2,10.8,3.1,9.9,6.5,46.1,49.3,24,101.57,7.8
19,24,25,104.5,122.1,-17.6,13.5,2.2,6.7,4.6,52.4,53.5,24,105.22,6
19,25,13,75.8,68.8,7,0,8.3,14.3,10.5,20,25.5,15,105.64,0
19,26,6,106.3,110.2,-3.9,7.5,9.7,19.3,14.4,55.3,59,17.8,99.35,10.3
19,27,19,113.5,110.1,3.4,18.6,8.9,24.9,17,54,59.7,28.8,103.73,19.7
19,28,18,104.5,108.6,-4.1,5.9,1.2,14.3,7.5,53.9,57.1,12.1,102.57,6.4
19,29,5,102.9,110.8,-7.8,7.9,0.8,11.4,6.1,46.5,48.7,24,101.32,7.3
19,30,2,110,102.2,7.7,9.2,10.3,17.5,13.9,51.8,56.7,14.7,102.92,8.3
19,31,11,111.6,109.1,2.5,12,1.2,6.5,3.8,49.7,50.3,14.2,101.1,4.2
19,32,15,108.7,110.2,-1.5,11.4,2.2,6.5,4.4,47.9,49.6,16,101.13,4.7
19,33,16,102.8,115.3,-12.6,0,3.8,15,8.6,58.3,60.9,17.8,106.99,7.4
19,34,26,105,104.5,0.5,14.6,8.3,22.1,15.1,57.9,62.3,15.7,99.5,13.3
19,35,23,105.5,109,-3.5,3.5,1.8,8.9,5.3,52.3,54.1,18.5,110.54,5
19,36,20,111.3,108.9,2.4,34.1,6.2,17.9,12.2,56.3,58.2,21.5,103.99,14.5
19,37,4,97.8,106.4,-8.6,18.9,0,4.1,2.2,40.7,45.2,21.5,104.42,6.3
19,38,26,104.1,111.8,-7.7,6.4,9.9,20.5,15.1,57.1,60.2,12.8,98.68,8.5
19,39,9,109.8,109.3,0.5,26.8,3.6,18.2,10.5,53.2,58.1,29.6,98.63,15.3
19,40,12,105.3,105.3,0.1,12.8,12.4,23.2,18,62.3,66.4,22.2,104.16,16.4
19,41,23,109.9,114.3,-4.4,8.5,8.3,22.6,15.4,50.4,52.9,24.1,101.85,10.6
19,42,30,108.2,109.3,-1.1,19.9,1.9,9.8,5.8,49.6,53,22,103.07,9.9
19,43,26,108.7,105.8,2.9,9.5,1.3,11.3,6.4,57.5,61.3,21.9,99.31,11.1
19,44,17,108.4,117.5,-9.2,4,6.5,18.2,12.2,39.7,45.4,17.4,110.89,8.1
19,45,2,106.6,97.8,8.8,22.5,0.8,9.6,5.4,55.2,59.7,16.2,102.9,10.4
19,46,30,111.6,113.5,-1.8,23.3,2.8,10.4,6.6,54,58.1,27.7,102.8,12.8
19,47,8,107.2,99.2,8,29.8,1.6,3.8,2.6,30.4,41.3,22,104.32,4.6
19,48,14,107.3,108.8,-1.5,12.7,2.2,11.3,6.9,51.8,55.5,22.7,104.41,9.2
19,49,6,102.9,114.9,-12,14.7,1.2,7,3.9,46,48.4,17.8,99.38,5.1
19,50,5,107.9,113.9,-6,6.3,1.4,6.3,3.8,55.8,56.7,15.4,99.56,4.3
19,51,17,114.9,103.4,11.5,5.5,1.4,13.5,7.9,57.1,59.7,16.5,104.79,8.8
19,52,9,106.5,105.8,0.7,8.7,3.2,9.2,6.2,43.6,46.9,11.3,99.08,3.7
19,53,15,108.4,107.5,0.9,9.1,5,13.7,9.3,53.3,57.1,15,99.94,7.8
19,54,27,109.9,110.2,-0.3,10.5,0.8,9.6,5.3,56.8,58.6,17.1,99.21,7.7
19,55,26,109.4,110,-0.6,11.7,3.6,11,7.2,56,58.7,24.3,104.94,11
19,56,18,95.5,113,-17.5,15.8,0.7,5.3,2.9,55.7,55,13.8,100.37,4.9
19,57,26,115.4,108.9,6.5,13.3,2.5,8.7,5.6,52.7,55.3,24.8,101.22,10.3
19,58,6,103.8,105.5,-1.7,6.1,1.4,9,5.1,46.8,50.4,17.3,104.03,5.6
19,59,18,90.9,107.6,-16.8,9.8,8.1,23.6,15.6,34.9,37.7,17,102.86,5.3
19,60,3,99.5,114.8,-15.2,22.5,1.7,8.3,5,48.7,51.9,16.9,101.97,7.4
19,61,11,107.5,112.4,-4.9,7.3,1.4,10.2,5.7,55.8,58,14.1,101.29,6.3
19,62,6,108.5,108.7,-0.2,23.1,3,10,6.5,47.8,50.9,23.5,102.02,10.3
19,63,5,102.3,112.2,-9.9,2.8,2.7,15.8,8.8,49.2,51.3,19.9,99.87,7.4
19,64,15,106,118.8,-12.8,12,1.8,13.4,7.3,50.4,53.6,18.2,98.05,7.5
19,65,6,101.9,107.6,-5.6,5.5,3.3,16.7,10,49.3,50.7,12.1,100.63,7.3
19,66,30,101.6,107,-5.4,14.3,0.7,12.6,6.6,45.3,48.4,19.2,99.77,6.9
19,67,19,99.1,121.9,-22.7,10,1,15.8,7.5,50.4,52.4,17.4,98.04,5.3
19,68,27,104.8,110.6,-5.8,18.2,1.3,6.2,3.6,52.5,55.5,16,104.06,5.3
19,69,28,105.3,110,-4.7,5.1,7.9,26,17.1,62.2,64.4,15.5,107.19,12.1
19,70,11,99.4,100.6,-1.3,14,6.1,17.9,12.1,32.8,38.9,22.3,104.79,5.2
19,71,11,105.5,109.7,-4.2,2,8.6,20.9,14.8,52.6,56.3,21.4,106.79,11.4
19,72,19,83.8,108.8,-25,19,2.1,11.1,5.3,37.5,37.5,10.8,104.75,5.1
19,73,25,112.4,104.2,8.3,38.2,1.9,12.3,7,50.8,56,22,100.37,13.8
19,74,15,100.9,110.3,-9.4,5.1,6.1,23.1,14.7,56,60.7,24.7,108.35,14.6
19,75,11,114,108.7,5.4,7,13,24.1,18.5,64.8,65.8,18,98.21,15.6
19,76,4,112.3,110.9,1.4,11.4,8.4,17.1,12.7,55.9,61.1,15.9,100.64,10.1
19,77,6,105.6,118.1,-12.5,15.4,2.1,7.2,4.5,48,52,24.7,98.54,7.3
19,78,26,106.6,106.6,0,10.7,4.5,9.8,7,48.8,53.2,13,104.04,6.3
19,79,12,107.6,102.4,5.2,20.8,1.9,11.1,6.6,46.3,47.4,13.4,99.69,8.7
19,80,7,102.3,108.6,-6.4,13,1.9,10.5,6,47.3,49.2,15,102.56,6.8
19,81,5,103.7,111.7,-8,7,10.1,18.7,14.3,53.1,56.8,13.8,101.48,8.6
19,82,22,108.1,107.9,0.2,39.2,2,9.9,6,51.2,53.3,31.1,102.4,14.1
19,83,17,110.4,107.2,3.2,25.8,1.8,7.1,4.4,56.6,61.6,16.9,98.88,10.3
19,84,19,107,102.2,4.9,8,4.7,17.4,11.2,50.6,51.5,14.1,105.55,7.5
19,85,10,70.6,93.8,-23.2,0,0,0,0,50,50,13,117.62,5.1
19,86,25,98.1,113.1,-15,7.8,1.1,3.6,2.4,36.2,36.2,12,105.89,1.3
19,87,10,114.2,111.1,3,8.4,8.6,9.9,9.4,71.6,72,11.3,100.72,7.2
19,88,20,116,107.9,8.2,29.9,2.3,10,6.2,52.2,58.8,28.1,101.18,15.5
19,89,3,102.9,108.2,-5.4,5.1,2,13.4,7.8,54.7,57.8,16.4,103.5,8.5
19,90,1,102.8,110.8,-8,10.4,1.6,10.8,6.1,50.6,52.6,16.9,101.06,7.6
19,91,2,101.8,106.7,-4.9,15.7,4.3,16.1,10.2,45,45.5,15.3,104.62,7
19,92,13,110,102.6,7.4,10.8,8.8,14.5,11.6,59.8,62.4,15,102.84,9.5
19,93,28,113.3,111,2.3,13.4,2.7,17.1,10.1,55.4,63.3,23.7,101.56,14.3
19,94,27,117.7,104.3,13.4,7.3,2.8,10.7,7,62.2,63.2,13.9,100.98,7.9
19,95,29,103.7,111.9,-8.2,7.2,4.9,14.8,9.8,57,58.5,8.6,100.84,6.7
19,96,11,103.8,100.6,3.2,25.1,2.4,7.7,5.1,45.6,51.6,20.7,103.08,8.2
19,97,18,117.2,108.3,8.9,5.8,2.5,11.2,6.9,61.5,64.6,13.7,100.67,7.4
19,98,19,108.7,110.7,-2,8.9,5.8,15.3,10.6,52.2,56.3,17.2,103.08,8.8
19,99,12,109.6,109.8,-0.2,10.7,0.7,5.9,3.3,52.8,55,13.1,104.82,4.8
19,100,7,109.6,107.4,2.2,30.2,1.7,8.9,5.4,52.7,57.4,17.6,98.95,11.4
19,101,6,102.7,104.7,-2.1,12.3,1.9,9.9,5.7,46.3,48.2,16.7,100.97,4.1
19,102,27,108.1,111.9,-3.8,7.7,3.9,12.8,8.2,52.7,55.8,14.1,98.51,7.1
19,103,12,115.7,108.1,7.6,7.9,1.5,13.9,8,61,63.2,13.5,101.72,8.2
19,104,26,115,96.3,18.7,6.8,3.3,7.3,5.2,50,50,10.4,109.98,4.8
19,105,24,110,109.1,0.9,32.2,1.5,9.5,5.4,49.7,54.4,23.8,105.57,11.9
19,106,1,105.8,113.7,-7.9,21.4,2.5,11.4,6.8,44.7,46.6,14.7,102.18,6.3
19,107,20,105.1,110.1,-5.1,11.9,10.5,31.5,21,64.1,67.4,14.8,100.18,15.4
19,108,24,104.5,109.4,-5,15,2.6,14.8,8.6,48.7,50.8,16.8,106.26,8.1
19,109,15,110.9,110.8,0,27.7,2,14.7,8.5,48.3,54.2,27.7,98.33,13.5
19,110,27,111,106.5,4.5,20.6,5.9,23.2,15.3,51.5,56.2,28.1,102.56,13.9
19,111,10,108.2,106.2,1.9,7.5,3.7,15.1,9.4,48.7,54.6,18.1,102.96,9.2
19,112,3,106.3,102,4.2,37.5,4.3,15,9.3,30,32.2,22.8,107.55,5.3
19,113,23,105.2,113.3,-8.1,9.4,10.1,24,16.9,58.5,60.8,21,101.34,13.9
19,114,6,106.2,106.4,-0.1,21.7,3.7,11.3,7.4,47.8,52.3,17.2,101.3,10.9
19,115,21,103.3,118.2,-14.8,18.5,4.5,2.4,3.5,60,65.6,18.2,108.28,10.9
19,116,20,100,109.5,-9.5,3.8,1.4,8.9,4.8,38.9,42.4,9.7,96.66,1.8
19,117,21,109.1,105.5,3.6,20.9,1.5,10.2,5.7,47,50.8,23.8,104.3,9.3
19,118,29,102.4,107.7,-5.3,27.8,2,7.5,4.8,47.9,50.2,24.2,101.3,8.4
19,119,16,96.9,92.6,4.3,5.7,1.4,9,5.1,45.1,47,15.9,103.95,4.3
19,120,18,106.3,101.6,4.6,7.9,11.5,18.8,15.2,60,62.4,18.8,102.36,14.2
19,121,27,103.8,105,-1.2,4.9,7.6,11.9,9.7,53.7,55.9,15.1,98.66,8.1
19,122,8,111.5,110.8,0.7,24.4,2.2,7,4.6,51.8,55.7,26.1,103.61,12.8
19,123,24,111.8,107.1,4.8,20.6,2.2,11.6,7.2,52.3,55.5,17.8,98.75,9.6
19,124,7,108.2,115.1,-6.9,32.7,1.7,9.9,5.8,52.1,58.4,32,102.17,13.4
19,125,30,105.7,109.9,-4.2,17.2,1,9,4.9,47,52.7,18,100.61,6.5
19,126,4,111.1,112.8,-1.7,9.5,5.8,14.3,9.9,59.4,61.6,17.6,101.82,11.2
19,127,1,104.5,111.8,-7.3,26.6,1.3,7.8,4.4,42.1,45.9,16.6,101.1,6.8
19,128,1,107.9,112,-4.1,7.9,6.3,22.9,14.5,57.1,60.2,16.6,103.89,10.7
19,129,15,97.8,107.6,-9.8,6.3,6.3,19.3,12.2,68.2,68.2,9.9,107.81,10.8
19,130,16,104.9,106.5,-1.6,7.9,2.8,7.6,5.1,46.3,49.9,20.7,97.7,3.4
19,131,7,105.9,107.8,-2,16.4,0.6,9.4,4.9,52.8,53,21.3,97.84,8.3
19,132,15,104.8,109.7,-4.8,6.8,0.6,18,9.2,44.4,46.9,21.7,101.08,7.3
19,133,12,108.8,103.6,5.2,18,9.9,26.9,18.4,59.6,63,22.6,99.33,16.2
19,134,27,67.9,129.6,-61.8,20,15.4,7.7,11.5,50,43.6,32.3,103.26,-12
19,135,29,110.5,103.7,6.8,20.9,2.2,9.3,5.8,49.3,53.7,30.9,101.5,11.7
19,136,17,111,98.4,12.6,10.2,3.6,9.9,6.9,49.2,50.7,14.5,106.79,6.2
19,137,21,66.7,120,-53.3,0,0,0,0,0,0,33.3,108.57,-18.2
19,138,7,106.8,108.7,-1.9,7,6.4,11.9,9.2,50.7,53,13.5,100.7,6.9
19,139,12,106.8,103.2,3.6,7,1.2,6.6,3.9,59,61.7,15.2,100.88,7.5
19,140,24,104.6,112.7,-8.1,9.4,4,16.8,10.5,50.3,52.1,13,103.3,6.6
19,141,10,115.8,105,10.7,26.1,3.1,18,11.2,50.1,52.6,12.8,103.58,9.8
19,142,27,95.4,105.5,-10,10,5.6,21.4,14.3,57.7,64.6,14.8,101.37,11.1
19,143,16,98,108.8,-10.9,4.5,1.1,9.1,5.2,50,51.4,13.4,101.7,5.5
19,144,15,91.2,108.8,-17.5,35.7,0,3.6,1.6,25,31.1,22.2,105.57,4.1
19,145,4,111.2,113.2,-2,9.2,1,10.5,5.7,54.9,57,16.7,99.59,6.9
19,146,30,104.5,113.6,-9.1,2.6,10,25.8,17.7,62.3,63.8,19.3,102.57,11.1
19,147,7,110.8,109.9,0.9,10.1,8.1,16,12,63.7,68.2,16.7,100.94,12.3
19,148,16,104.8,106.6,-1.8,26.4,3.3,10.6,6.9,47.8,51,26.9,101.36,11.5
19,149,3,100,89.4,10.6,8.3,1.9,10.5,5.4,43.2,41.5,25,104.46,5.3
19,150,3,111.3,111.6,-0.3,9.3,2.3,5.8,4.1,55.3,56.7,17,104.07,6.7
19,151,12,106.5,102.2,4.3,6.4,13.5,30.7,22,61.6,63.2,12.5,100.93,13.9
19,152,29,99.6,107.3,-7.8,6.3,3.8,6.5,5.1,39.8,44.3,15.7,106.25,2.8
19,153,19,102.8,110.5,-7.7,13.1,9,18.9,14.2,69.4,69.8,12.8,105.52,12.5
19,154,24,110.7,112.9,-2.2,31.8,3.7,12.9,8.3,47.5,50.2,17.7,106.18,9.8
19,155,16,101.1,111.1,-9.9,19.8,1.2,9.2,5.1,46,48.9,16.8,101.12,5.3
19,156,20,117.6,112,5.6,12.5,14.3,23.5,18.4,57.1,57.1,18.3,106.64,11.6
19,157,25,104,114.8,-10.8,24.2,1.9,9.8,5.7,49.3,53.1,24.8,101.46,9.8
19,158,17,106.4,112.6,-6.2,12,13.8,24.5,18.8,55.6,59.4,21.9,100.15,15.2
19,159,11,115.3,104.2,11.1,26,3.5,10.8,7.4,54.8,57.7,22.5,104.43,12.5
19,160,28,116.2,108.1,8.1,9,0.7,5.9,3.3,52.5,54.9,21.5,99.87,7
19,161,17,83.7,105.6,-21.9,15.4,10.8,34.8,24.1,50,50,11.7,100.54,9.5
19,162,19,111.2,101.5,9.7,5.6,7.1,15.1,11.2,51.4,54.8,15.1,105.02,7.1
19,163,22,110.1,108.4,1.7,17,1.4,8.6,5,50.9,53.6,21.7,98.84,7.7
19,164,25,110.4,109.1,1.3,24.2,2.2,16.7,9.6,47.3,50.4,15.8,100.7,9.9
19,165,19,106.3,111.3,-5,8,1.9,8.5,5.2,49.3,51.7,17.8,107.41,5.9
19,166,4,109.9,109.1,0.9,12.9,4.8,16.4,10.4,54.7,58.7,21.6,100.36,10.6
19,167,26,99.5,114,-14.5,28,1.3,8.3,4.7,46.2,50.2,21.3,107.58,8.5
19,168,20,102,110.6,-8.5,19.5,1.2,8,4.5,39.5,41.7,16.3,101.94,3.9
19,169,28,113.1,105,8.1,24.3,1.2,7.8,4.6,50.3,53.9,17.7,99.9,9.5
19,170,23,110.7,107,3.7,10.7,2.3,13,7.7,49.6,52.8,17.4,104.84,7.9
19,171,13,105.2,106.8,-1.6,7.5,1.4,9.2,5.3,51.3,54.3,13.1,99.19,5.2
19,172,11,111.8,109.8,2,4,3.5,14.4,8.7,46.7,48,10.6,99.73,6.1
19,173,8,111.6,105.3,6.2,11,2.4,7,4.7,48.8,52.6,19.5,99.4,7.6
19,174,30,117.9,92.1,25.8,33.3,6.7,5,5.7,68.8,68.8,21.4,116.1,21.2
19,175,25,110.3,115.1,-4.7,5.7,1,8,4.8,37,37.7,21.3,104.42,2.3
19,176,17,108.9,103.3,5.6,14.6,2.8,7.5,5.2,51.6,55.4,14.7,101.93,7.9
19,177,24,100,175,-75,0,0,25,9.1,0,0,0,97.63,3.2
19,178,29,103.9,111.6,-7.7,10.7,2.2,13.5,8.1,59.4,61.3,17,104.39,9
19,179,11,114,109.3,4.6,4.1,1.9,10,5.9,53.5,55.5,19,100.58,6.6
19,180,17,114.3,101.8,12.5,29.4,6.6,27.3,17.6,59.9,64.4,31.4,105.27,21.8
19,181,9,102.3,103.1,-0.8,5.3,2.6,8.9,5.6,47.2,51.1,14.6,99.4,5.8
19,182,16,108.3,107,1.3,25.9,1.9,8.7,5.2,47.9,51.7,22.4,102.52,9.6
19,183,2,110.3,105.2,5.1,18.5,2.6,14.1,8.3,52.7,57.5,18.3,102.63,11.4
19,184,18,105.2,109,-3.8,10.6,7.2,22.5,14.5,52.7,57.2,19.4,103.64,11.8
19,185,29,99.6,113.2,-13.6,10.2,0.7,4.7,2.7,46.6,51.6,23.8,103.77,3.7
19,186,23,100,106.7,-6.7,7.9,11.9,21.8,16.5,48.9,52.1,21.1,103.92,10.6
19,187,2,102.4,106,-3.6,8.8,8.4,10.4,9.4,51.3,54.2,16.8,102.49,6.8
19,188,21,103.5,110.3,-6.8,4.4,6.5,11,8.6,46.7,49.7,16,104.11,4.9
19,189,26,108,109.4,-1.5,6.9,2.1,11.1,6.6,50.4,55,20.2,102.22,8.8
19,190,26,104.1,109.1,-5,15.5,7.6,17.1,12.5,50.3,52.6,22.7,106.54,9
19,191,16,107,106.2,0.8,5.4,13.9,30.5,22.2,57.2,56.4,21.5,99.36,16.2
19,192,23,103.4,131,-27.6,6.7,0,14.3,6,45,41.4,11.5,105.57,3.8
19,193,20,104,104.7,-0.7,9.6,1.8,21.4,11.7,50,53.8,18.6,101.52,10.2
19,194,19,106.2,109.6,-3.4,13.2,1.2,7.1,4.2,48,50.2,18.5,106.16,5.2
19,195,30,102.1,105.3,-3.2,7.3,8.8,16.1,12.3,46.6,53.1,12.8,100.63,6.8
19,196,12,78.6,92.9,-14.3,20,14.3,25,20,0,0,26.7,109.27,0
19,197,11,109.1,110.5,-1.4,9.8,1.6,10.1,5.7,48.1,49.9,14.3,103.82,5.7
19,198,14,96.6,89.6,7,16.3,6.4,11.3,8.9,15.2,24,15.1,106.78,3.9
19,199,1,97.7,114.7,-17.1,0,5.5,12.3,8.5,35.7,35.7,14.2,109.72,1.2
19,200,22,102.8,100.9,2,22.6,0.8,11.1,6,43.8,45.5,13.9,100.12,5.7
19,201,17,102.5,114.9,-12.3,19.4,1,8.6,4.7,49.4,51.8,14.7,99.68,5.7
19,202,11,113,103.4,9.6,10,8.9,11.8,10.3,51.2,56.2,11.2,102.4,3.1
19,203,20,100,104.5,-4.5,11.8,5.9,14.7,10.3,50,58.8,15.3,98.72,10.4
19,204,8,99,104.5,-5.5,19.8,2.3,4,3.1,40.4,43.7,27.4,107,3.9
19,205,9,110.8,108.1,2.7,24.3,1.7,9.7,5.5,46.4,48.5,19.3,98.67,8.6
19,206,15,103.3,109.5,-6.2,12.3,9.7,19.7,14.6,55.4,58.6,16.6,98.51,10.6
19,207,13,106.5,104.7,1.8,9.3,10.8,21.6,16.4,55.9,60.4,19.9,104.36,12.7
19,208,7,109.5,106.3,3.2,45.4,1.6,10.6,6,46.8,49.5,26.3,102.73,13.1
19,209,4,89.5,91.7,-2.2,20,0,14.3,7.3,33.3,33.3,20.9,105.5,8.3
19,210,30,110.3,104.7,5.6,12.9,0.8,6.2,3.6,55.7,60.2,20.9,105.13,9.9
19,211,10,101.5,104.9,-3.4,13.3,0,8,3.9,41.8,44.4,17.6,101.9,5.1
19,212,29,107.3,109.6,-2.3,5.2,3.7,19.6,11.7,58.3,63.3,23.4,98.25,16.2
19,213,19,103.3,109.1,-5.8,5.8,7.1,21.8,14.3,55.8,58.7,18.5,101.9,10.3
19,214,5,106.7,111.1,-4.4,4.5,11.2,20.3,15.9,62.5,63.4,19.7,104.87,12.7
19,215,25,104.6,110.8,-6.2,14,4.5,18.7,11.7,53.3,56,23.6,102.85,11.1
19,216,27,100,105.9,-5.9,15,2.9,8.4,5.7,37.7,37.4,13.4,101.97,2.1
19,217,7,109.7,105.3,4.4,9,2.7,13.9,8.3,50.8,53.8,18.3,102.94,8.6
19,218,6,106,111.5,-5.5,6.4,8.4,19.6,14,58.7,60.3,19.8,103.79,11.5
19,219,24,110.8,108.9,2,5.6,4.1,11.5,7.9,57.9,59.4,15.6,100.98,8.2
19,220,8,110,106,3.9,9.9,13.6,17.1,15.4,64.5,64,12.5,100.93,11
19,221,23,107.7,110.4,-2.8,22.3,1.5,8.7,5,52.3,54.9,18.6,100.42,8.8
19,222,11,105.7,112.5,-6.7,5,5,11.3,8,50,54.8,16.2,101.21,5.4
19,223,16,101.4,116.5,-15.1,28.3,0.6,6.1,3.4,47.4,52.2,19.8,103.99,8.3
19,224,11,112.8,108,4.8,22,2.6,10.1,6.3,50.2,53.8,24.1,99.49,10.8
19,225,13,110.5,109.8,0.7,4.7,4.8,9.9,7.4,56.3,59,12.5,101.02,5.6
19,226,3,116.6,110.3,6.3,39.4,2.3,15.7,8.9,54.1,61.6,39.6,98.06,20.1
19,227,18,103.2,107.9,-4.6,16.7,1.8,12.3,7.1,49.9,52.2,17.7,99.11,7.9
19,228,22,111,122,-11,9.7,0,5.3,2.5,47.1,50.3,15.3,103.1,3.5
19,229,15,109.4,108.6,0.8,9.3,2.7,9.6,6.1,53.3,55.4,10.4,100.22,4.9
19,230,6,94.1,106.4,-12.3,18.2,0.8,4.4,2.5,35.9,37.2,19.7,101.69,-0.9
19,231,8,106,101.6,4.4,7.8,3.1,18.5,10.6,51,52.8,15.3,103.06,6.5
19,232,3,101.3,103.6,-2.3,7.4,4.9,13.2,9,54.9,59.1,23.1,96.48,10
19,233,19,103.7,109.6,-6,4.3,5.5,16.2,10.7,49.1,51,12,98.26,7.8
19,234,14,96.9,92.5,4.5,6.4,8.4,20.5,14.3,47.4,51.3,17.9,111.35,8.5
19,235,21,109.2,111.6,-2.4,7.6,8.8,20.8,15,59.5,63.2,15.8,102.55,12.1
19,236,1,96,108.1,-12.1,11.2,7.7,17.4,12.5,43.2,49.2,16.9,106.07,6.2
19,237,2,77.9,115.9,-38,23.8,1.5,17.2,9.3,21.4,21.4,14.2,98.09,2.5
19,238,17,102.5,109.1,-6.5,20.1,2.2,10.9,6.3,45.9,47.4,13.1,106.81,5.5
19,239,2,108.3,106,2.3,7.9,3.2,12.2,7.7,52.5,54.7,21.5,102.15,8.4
19,240,30,109.2,86.8,22.5,17.4,0,14.7,6.8,45,46,15,111.95,10.9
19,241,18,111.9,105.1,6.8,9.8,2.8,15.7,9.3,50.6,54.7,21.8,100.68,10.6
19,242,14,111.3,113.2,-2,9.3,2.7,11.7,7.2,55.5,60.8,17.4,102.4,8.8
19,243,21,113,113.1,-0.1,36.6,1.2,6.7,3.9,46.5,52.8,18.6,101.85,10.3
19,244,4,108.7,98,10.7,11.5,10,19.8,15,39.4,39.8,10.8,100.62,9.8
19,245,28,111,105.6,5.4,4,3.2,11.8,7.3,56.7,59.2,15,104.64,8.4
19,246,22,110.3,109.6,0.7,11.9,2.7,15.9,9.1,49.9,55.2,22,99.74,11.8
19,247,13,101.7,106.8,-5.1,24.9,1.4,10.2,5.8,49.1,55.8,21.3,106,10
19,248,18,100.5,107.7,-7.3,24.2,1.9,8.3,5,50.9,52.6,13,100.45,7.6
19,249,15,107.8,111.2,-3.4,8,0.9,10.9,6.1,48.2,49.1,15.9,105.35,4.3
19,250,24,105,117.4,-12.4,26.2,1.5,8,4.5,42,43.1,17.2,99.69,5.9
19,251,23,99.8,106.7,-6.8,18.4,2.3,9,5.5,39.5,43.2,17.2,98.5,5.3
19,252,23,92.1,117.6,-25.5,20,1.3,8.8,4.8,27.6,34.8,24.2,104.5,3.3
19,253,15,111.9,108.3,3.6,17.9,5.4,9.4,7.5,49.9,57.1,21.8,102.44,12.6
19,254,28,103.5,101.7,1.8,20.2,7.8,24.7,16.1,51.6,57.1,19.1,100.4,14.2
19,255,4,118.8,113,5.8,9.6,1,9.3,5.6,64.1,64.7,16.9,102.88,9
19,256,3,87.5,113.3,-25.8,25,0,0,0,33.3,33.3,17.6,96,0
19,257,29,109.6,111.2,-1.6,11.4,2.2,9.6,6,62.2,64.5,16.7,102.73,8.9
19,258,23,109.2,101.6,7.7,26.2,1.3,10.8,6.1,56.5,58.1,17,102.13,10.4
19,259,1,112.5,104.8,7.6,18.5,7.5,29.2,19.1,51.7,59.3,32.7,103.92,19.6
19,260,6,111.7,113,-1.4,10.2,11.2,19.6,15.4,59.3,62.7,23,105,13.6
19,261,6,105.6,103.9,1.7,10.8,7.4,23.3,15.7,54.5,55.3,17.3,110.06,12.7
19,262,20,50,0,50,0,0,0,0,0,0,0,97.74,0
19,263,30,100.3,106.7,-6.5,10.5,1.8,8.3,5.2,50.5,53.6,16,100.15,7.4
19,264,13,107,113.2,-6.2,39.1,1.3,8.7,5,49,52.7,28.6,104.06,12.3
19,265,14,98,106.9,-8.9,12.9,10.4,21.3,15.5,53.4,56.3,26.6,106.91,11.9
19,266,9,110,102.4,7.6,5.1,11.6,13,12.3,59.1,59.9,15.8,102.34,7.8
19,267,23,93.9,107.2,-13.3,6,6.2,18.2,11.8,58.8,61.6,15.7,100.45,9.1
19,268,10,106.2,107.9,-1.8,8.5,6.7,17.3,11.9,59.9,59.5,13.1,106.12,7.2
19,269,15,109.6,108.1,1.5,10.6,5.5,16.8,11.1,55.6,58.8,14.4,102.45,9.2
19,270,22,109.7,107,2.7,10.9,9.6,26.8,18.4,57.2,61.6,27.4,101.77,16.9
19,271,23,108.2,107.3,1,5.5,4.8,15.2,9.9,49.9,53.7,16,99.69,8.2
19,272,10,101.9,107.2,-5.3,17.5,2.4,9,5.7,42,46.6,18.2,102.38,6
19,273,6,105.9,111.2,-5.3,13.4,6.8,15.4,11.2,51.6,53.1,13.3,102.3,8.3
19,274,28,107,115,-8,15.3,3.5,8.7,6,50.9,53.9,26.6,99.18,10.5
19,275,30,94.5,110.2,-15.7,18.2,1.7,13.3,7.5,55.6,63.5,15.9,111.17,12.1
19,276,1,106.5,109.7,-3.3,13.1,1.7,9.5,5.6,50.8,55,19.1,107.01,8.9
19,277,9,133.3,170,-36.7,0,0,0,0,150,150,8.3,107.72,9
19,278,14,93.8,107.8,-14,28.2,1.5,7.8,4.4,43.3,45.3,10.4,101.32,5.6
19,279,24,105.1,104.7,0.4,7.2,1.9,10.9,6.5,50.6,52.6,13,105.57,6.3
19,280,18,102.8,112.4,-9.6,14.2,3.2,13.6,8.4,45.6,48.7,23.4,102.26,7.3
19,281,16,109.6,110.6,-1,6.8,2.1,9.8,5.9,44.5,49.2,14.8,103.89,5.1
19,282,6,106.6,105.6,1,17.7,2,7.8,4.9,49.2,53.6,20.3,99.5,9.4
19,283,19,113.5,109.1,4.4,30.8,3,9.9,6.5,52.3,55.5,25,104.13,12.7
19,284,8,108.6,107.3,1.3,5.4,4.4,14.4,9.3,54.5,58,11.9,99.61,7.6
19,285,15,102.9,105,-2,8.3,2.7,12.8,7.5,38.5,40.2,9.6,98.03,5.3
19,286,19,111.2,111.4,-0.2,15.8,6.9,19.8,13.4,55.5,60,27.3,104.48,13.7
19,287,1,101.9,107.6,-5.7,7.3,4.6,11.9,8.2,48.4,51.6,16.6,109.25,6.7
19,288,15,102.4,110.1,-7.7,8.4,1.7,10.3,6,49,52,15.3,99.6,6.8
19,289,7,107.3,108.3,-0.9,8.1,2.5,9.6,6,53.7,56.1,14.1,103.5,7.6
19,290,23,89.4,102.3,-12.9,25,6.5,17.4,11.1,28.6,31.7,14,106.02,5.1
19,291,16,107.6,104.2,3.4,21.3,3.1,14.1,8.6,49.7,51.3,20.6,99.61,9.7
19,292,25,117,106.5,10.5,16.8,11.9,24.1,18.1,51,57,24.1,101.57,14.6
19,293,20,107.1,111.3,-4.1,27.7,1.9,10,6,52.1,57.4,19.5,100.44,10.1
19,294,9,50,75,-25,50,0,50,23.1,0,53.2,15.4,103.16,47.1
19,295,18,112.2,111.3,0.9,16.9,9.7,25.7,17.6,57.2,62.2,28,101.05,17.7
19,296,28,115.6,107.7,7.9,15.9,3.9,16.5,10.6,54.6,60.6,30,100.33,17.2
19,297,18,107.1,112.2,-5.1,4.7,2.9,12.9,7.7,46.8,48.9,14,100.84,6.5
19,298,16,107.9,106,1.9,11.3,3.8,16,9.9,56.3,61,17.5,99.51,10.2
19,299,24,107.2,113.3,-6,6.7,3.5,12.6,8,51,55.1,22.3,103.95,9.4
19,300,4,112.1,111.8,0.4,28.7,1.7,10.6,6,51.1,55.8,30.8,99.38,14
19,301,11,113.7,109.7,4,4.3,12.3,21,16.4,60.4,62.2,19.4,101.91,12.4
19,302,19,107.8,111.6,-3.8,9.4,4.6,14.5,9.4,47.7,48.5,11.9,105.77,6.2
19,303,1,102.5,110.2,-7.7,14.4,2,12.6,7.2,47.2,50.7,21.5,106.15,8.3
19,304,14,106.3,110.1,-3.7,7.7,2.2,8.8,5.5,53,56.8,17.5,104.26,8.3
19,305,10,118.7,107.3,11.4,25.1,1.3,15.3,8.8,57.1,63.1,28.3,103.33,16.2
19,306,1,109.3,111.6,-2.2,13.9,2.7,8.7,5.6,52.2,53.3,15.3,105.58,6.5
19,307,20,101.4,115.1,-13.6,6,2.5,12,7.1,43.8,47.5,21.9,101.88,5.5
19,308,6,110.5,114.7,-4.2,12.5,5.1,34.4,19.3,47.9,56.1,25.9,100.23,14.8
19,309,10,116.3,106.1,10.3,10.6,12.6,13.3,12.9,62.7,63.6,12.2,103.25,9.2
19,310,22,105.9,102.7,3.2,8.7,11.2,16.6,13.8,60.3,64,13.6,101.21,11.6
19,311,17,114.7,104.2,10.5,19.4,2.1,14.9,8.9,51.9,55.8,24.6,104.39,11.8
19,312,9,94.6,102.7,-8,6.7,1.7,8.2,4.6,39.1,41.3,15.8,100.8,3.1
19,313,10,115,108.5,6.5,10.3,1.5,8.9,5.5,55.3,57.1,25.4,102.39,10.3
19,314,6,100,33.3,66.7,0,0,0,0,0,0,0,93.33,0
19,315,26,106,107.4,-1.3,9.9,8.8,22.9,15.6,47.7,47.7,15,105.85,8.8
19,316,7,104.5,87,17.6,0,0,11.1,5.6,0,21,24,102.21,-3.3
19,317,5,106.1,113.7,-7.6,29,1.3,11.9,6.6,45.8,48.4,19.8,99.5,8.4
19,318,15,102.6,104.7,-2.1,15.5,3.8,16.1,10,56,56.9,12.7,96.78,9.9
19,319,29,107.5,103.9,3.6,8.8,0.6,10.5,5.6,55.9,58.2,17.4,103.2,7.8
19,320,14,108.4,109.7,-1.3,11.3,2.5,12.7,7.7,51.5,54.6,23.3,104.67,9.6
19,321,28,116.2,105.5,10.7,32.9,1.9,11.4,6.9,51.8,56.2,19.1,101.37,11.5
19,322,12,106.7,107,-0.3,20.4,7.8,21.6,15.1,51.1,53.7,19.6,103.91,11.1
19,323,2,113.4,107.1,6.2,33,3.1,11.3,7.2,55.7,59.2,28.6,102.01,15.7
19,324,27,112.5,111,1.5,11.5,9.6,18,13.9,52.2,57.6,26.8,98.36,14.3
19,325,14,103.9,108.4,-4.5,17.5,2.6,15,8.8,51,52.9,19.7,106.43,8.8
19,326,20,97.1,107.9,-10.9,5.1,2.3,11.5,6.8,45.2,48.2,12.7,102.08,4.3
19,327,13,111,109.3,1.7,9,1.1,6,3.6,58.1,60.4,14.5,103.64,6.3
19,328,9,108,107.9,0.1,7.2,2.5,7,4.7,50.3,53.4,15.3,99.96,6.3
19,329,6,105.8,114.6,-8.8,17.9,9,22.4,15.4,55.4,58.3,15.2,97.93,12.3
19,330,5,106.8,112.3,-5.5,7,4.3,23.4,13.8,50.6,55.3,24.5,99.33,12.5
19,331,14,109.6,107.6,2,37.6,2.9,19.3,11.4,56,58.8,31.1,104.12,18.8
19,332,27,87.4,111.7,-24.3,14.3,0,12.2,6.5,40.2,44.6,19.6,102.28,8.3
19,333,14,105.3,106.1,-0.7,23.6,3.6,12.4,8.1,48.8,48.7,16.7,104.67,8.7
19,334,28,93.5,100.4,-7,19.9,2.1,11,6.6,36.6,38,16.7,104.28,5.4
19,335,13,113.1,109.2,3.9,31.8,1.9,8.1,5.1,47.1,55.4,30.8,105.69,14.7
19,336,13,107.1,99.3,7.8,4.5,3.4,6.5,5.1,50,49.5,14.1,110.95,2.8
19,337,7,107.6,110.6,-3.1,31.7,3.6,19.8,11.7,49.7,54.5,29.6,100.99,14.9
19,338,9,108.5,108.2,0.3,12.2,0.8,12.1,6.2,54,56,17.9,97.34,9
19,339,20,102.5,106,-3.5,10.8,3.3,12.3,7.9,50.2,53.1,17.8,101.94,9.3
19,340,18,115.1,105.1,10,6.2,4.9,12.5,8.8,55.9,58.8,15.5,100.84,9.3
19,341,28,91.6,96.2,-4.6,0,1.6,8.7,5.2,44.8,48.1,14.2,110.46,0.3
19,342,17,113.4,102.7,10.7,15.7,3.5,10.7,7.3,57.5,61.4,20.2,104.93,12
19,343,28,105.5,110.2,-4.7,2.4,1.5,4.8,3.4,61.5,63,18,104.8,6.9
19,344,8,111.2,107.3,3.9,7.4,1.8,8.5,5.1,58.4,59.9,18.1,100.59,8.9
19,345,4,108.4,111.1,-2.7,14.3,1.2,9.5,5.2,48,51.8,23.6,102.17,7.3
19,346,28,101.3,104.1,-2.8,11.2,3,8.9,5.8,49.4,51.8,23.3,97.12,8.4
19,347,13,108.4,104.9,3.5,22.2,3.4,22.7,13.2,50.5,54.6,21,97.16,13.1
19,348,27,106,112.5,-6.5,12.3,8.9,25.3,17.2,53.2,56.2,14.8,99.94,9.7
19,349,10,111,110.1,0.8,10.2,0.9,9.3,5.2,52,55.7,18.7,102.39,7.5
19,350,2,97.1,104.3,-7.2,2.6,10.4,6.3,8.3,63.6,65.3,23.5,99.11,10.9
19,351,2,110.3,108.9,1.4,7.3,3.5,17.6,10.6,53.3,56.8,20.3,101.87,9.9
19,352,20,110.4,106.6,3.8,19,2.5,7.7,5.1,53.3,56.8,14.4,101.24,7.9
19,353,22,102,112,-10,11.6,2.1,16.8,9.3,45.7,49.7,20.8,100.79,8.2
19,354,21,102.9,103.3,-0.4,21.2,5.6,8.8,7.3,43.2,45.2,18.9,104.69,6.9
19,355,6,107.1,113,-5.9,9.2,4.5,16.1,10.1,49.2,52.1,19.1,102.63,7.5
19,356,15,100.6,117.9,-17.3,6.9,7.2,21.6,13.8,41.7,45.5,19.6,100.46,5.4
19,357,26,107.8,111,-3.2,6,9.2,18,13.6,52.5,56.2,23.7,104.19,12.4
19,358,4,110.5,110.9,-0.4,6.1,3.3,15.2,9.1,52.9,54.8,14.7,99.73,8
19,359,8,109.3,106.1,3.2,19.9,9.1,19.8,14.4,59.5,60.2,15.9,99.6,11.5
19,360,6,103.2,107,-3.8,32.9,0.7,8.1,4.4,49.6,53.2,17.3,100.73,8.2
19,361,25,114.6,106.8,7.9,6.8,5.2,12.8,9,53,54.7,13.5,101.67,7.3
19,362,7,108,105.3,2.7,6.8,5.7,14.9,10.3,55.3,57.9,13.2,100.35,8.9
19,363,22,96,109.5,-13.5,3.2,5.3,4.5,5,33.3,33,20.5,104.79,-2
19,364,25,108.5,112.2,-3.7,12.3,5.5,20.6,13,64.9,67.5,14.9,100.3,10.8
19,365,14,102.8,108.8,-6,14.9,4.4,15.3,10,50,53.2,28.8,103.53,10.5
19,366,22,109.4,109.2,0.2,26.2,4.3,14.3,8.8,41.5,45.8,17.6,105.79,8.5
19,367,4,106.4,107.4,-0.9,7.7,6.9,12.9,9.8,50,55.3,15.3,100.91,7.5
19,368,24,105.3,112,-6.8,9.7,2.3,8.5,5.4,52.3,55.6,11.9,102.19,6.4
19,369,15,106.3,105.6,0.7,32.7,1.7,8.8,5.1,50.7,56.9,26.2,98.11,15.1
19,370,14,107.6,106.5,1,8.1,4.1,13.3,8.8,52.5,56.4,13.8,105.03,7
19,371,23,108.2,106.4,1.8,6.4,2.9,14.7,9,52,52.8,13.9,105.42,6.3
19,372,4,107.8,111.5,-3.7,8.1,3.7,14.8,9.1,52.7,54.8,14.7,101.3,8.5
19,373,1,101.3,111.5,-10.2,15.5,8.5,14.1,11.1,66.7,65.4,16.6,107.84,12.2
19,374,13,116.6,111.2,5.4,26,2.1,8.4,5.3,55,55.7,17.1,106.72,3.6
19,375,18,105,96.1,8.9,18.8,10.9,10.5,10.7,50,55,16.9,102.82,14
19,376,20,103.3,109.5,-6.2,4.2,12.2,16.6,14.4,69.4,69.2,11.9,101.1,11.5
19,377,22,94.3,109.2,-14.9,8.6,7.4,21.3,14,52.5,53.9,17.4,99.7,10.3
19,378,8,109.4,105.1,4.3,22.1,1.7,7.8,4.7,56,57.7,16.8,99.16,11.3
19,379,13,111.9,109.9,1.9,12.3,8.5,14.6,11.7,61.7,63.6,22.7,104.09,14
19,380,14,95.7,105.5,-9.8,8.4,3.5,14.2,8.9,48,53.3,21,105.7,6.9
19,381,12,107.3,104.5,2.8,8.3,4.8,19.5,12.3,53.6,56.7,19.9,98.83,11.9
19,382,29,103.3,124.5,-21.2,25,1.1,5.7,3.4,35,38.3,13.9,105.25,1.6
19,383,26,111.5,108.7,2.7,10.7,6.5,17.1,11.7,56.6,58.5,16.2,105.31,9.6
19,384,11,111.1,101.9,9.2,7,5.8,15.2,10.5,51.7,55.2,11.4,101.71,6.9
19,385,21,99,101.7,-2.6,6.7,10.5,17.6,13.9,58.7,60.8,13.7,103.88,12.2
19,386,8,98.7,103.8,-5.1,7.7,0,2.6,1.2,50,50,12.6,101.47,0.3
19,387,4,109.7,110.3,-0.5,14.5,2.8,13.1,7.9,55.3,58.1,12.9,99.83,8.4
19,388,6,100.8,113.7,-12.9,12.3,1.6,10.4,5.9,50.6,54.5,17.1,101.27,7.8
19,389,8,113.3,107.5,5.8,36.1,8.9,24.9,16.9,54.5,58.9,27.1,98.4,18.8
19,390,17,112,108.3,3.7,6.1,4.5,19.8,12.3,54.6,58.4,20.6,106.6,11.6
19,391,22,110.4,106.4,4,20.8,8.8,28.6,18.8,54.9,57.3,27.6,99.22,18.5
19,392,20,104.7,112.4,-7.6,10.8,6,23.4,14.5,52.3,56.1,14.4,101.29,10.4
19,393,28,105.7,105.5,0.2,11.9,1.3,10.2,5.8,56.8,59.6,18.2,103.48,9.2
19,394,28,104.9,106.5,-1.7,5,4,10,6.9,53.6,54.4,14.8,103.04,5.7
19,395,30,66.7,92.9,-26.2,0,9.1,14.3,11.1,0,0,10.5,110.89,-2.8
19,396,1,102.6,112.8,-10.3,8.5,8,14.4,11.1,49.2,51.6,14.6,106.88,7.9
19,397,15,104.3,103.2,1.1,7.7,3.3,18.4,10.9,58.1,60.6,17,100.95,11.8
19,398,5,111.2,111.6,-0.4,10,3.1,15.3,9.2,54.6,56.9,18.5,103.07,10.3
19,399,28,112.6,90.1,22.5,12.5,10.2,17.2,13.8,42.9,43.4,17.3,104.79,12.1
19,400,17,114,109.5,4.5,4.7,4.1,12.9,8.4,53.5,54.7,9.4,98.22,5.6
19,401,13,114.8,104.2,10.6,14.1,5,15.4,10.5,59.1,62.8,20.5,100.88,12.4
19,402,28,111,106.1,5,12.8,4.6,13.5,9.2,56,57.3,13,104.84,9.4
19,403,21,112.7,108.7,4,18.3,3.5,13.5,8.7,52.4,56.1,12,102.68,7.9
19,404,27,103.6,109.9,-6.4,9.9,1.7,10.5,6.1,48.4,53.2,9.3,101.97,4.9
19,405,17,101.5,107.3,-5.7,4.9,4.3,11.4,7.8,47.9,49.3,11.8,105.18,6
19,406,21,113.6,109.1,4.5,17.4,1.2,7.6,4.5,54.5,57.2,17.5,102.75,8.1
19,407,8,104.9,111.1,-6.2,20.9,5.8,30.4,18.1,47.9,52.9,15.1,103.18,13
19,408,2,112.1,103.9,8.2,17.3,3.3,17.3,10.1,52.9,58.3,28.5,104.35,16.1
19,409,11,114,105.4,8.6,10.4,7.8,18.2,13,52.8,57,19.1,99.44,11.3
19,410,24,99.3,96.4,2.8,8.8,2.2,15.3,8.9,27.8,37.9,8.8,108.55,1.7
19,411,27,99.2,101.4,-2.2,12.1,2.8,12.3,7.7,55.2,64.1,12.9,102.62,9
19,412,10,105.8,112.1,-6.3,16.7,2.1,12.3,7.2,55.7,56.5,20,100.79,9.3
19,413,14,132.1,79.2,52.8,15,3.7,5,4.5,61.5,61.2,22.6,99.05,13.3
19,414,29,104.7,113.3,-8.6,36,2.3,14.2,8.3,46.4,47.3,17.2,104.55,9.9
19,415,5,116.1,98.6,17.5,25.1,1.4,10.5,6.4,52.2,55.8,18.4,104.55,9.6
19,416,24,106.3,111.8,-5.5,13.7,7.7,12,9.7,37.2,41.8,17.3,101.9,5.1
19,417,21,99.1,105.9,-6.8,5.2,9.1,19,14.2,53.2,51.6,16.4,105.51,9.2
19,418,14,100.9,98.3,2.6,20.9,0.9,7.4,4,48.1,50.5,16.5,102.99,8.9
19,419,9,109,110.3,-1.3,9.6,1.1,8.2,4.5,53.7,56.3,15.4,101.09,6.9
19,420,24,108.9,108.4,0.5,24.1,1.9,7.6,4.6,50.4,54.7,23.7,98.77,10
19,421,29,103.5,108.9,-5.4,8.2,9.5,17.3,13.4,60.8,64.7,17.4,102.33,12.5
19,422,2,110.4,104.1,6.3,31.3,1.7,10.7,6.2,45.8,52,22.1,101.92,10.3
19,423,18,108.5,106.2,2.3,5.5,2.2,12.7,7.5,54.8,58,15.4,101.08,8.3
19,424,2,98.2,104.1,-5.9,4,8.6,16.4,12.6,70.6,70.3,10.1,102.84,11.1
19,425,5,105.5,109.9,-4.4,8.4,8.5,8.5,8.5,57.5,59.8,18.3,100.17,8.8
19,426,3,107,107.4,-0.4,5.7,4,13.1,8.6,51.4,54.5,17.5,106.04,6.9
19,427,25,106.3,113.7,-7.4,10.1,1.2,7.1,4.1,49.8,54.5,17.8,97.86,7.5
19,428,13,104.9,106.2,-1.4,10.3,3.5,10.6,7,48.9,51,14.7,100.63,6.8
19,429,30,89.7,94.9,-5.2,13.9,0.6,6.9,3.5,22.5,30.9,7.5,105.01,1.3
19,430,3,106.3,105.6,0.7,11.9,6,17,11.5,42,46.4,21,103.82,8.8
19,431,29,106.7,101.9,4.8,10.2,1.3,14.6,8.2,57.4,58.9,10.8,102.28,7.3
19,432,27,110.9,106.8,4.1,14.5,3.4,20.9,12.5,55.4,58.3,21.6,99.55,12.8
19,433,29,110.5,103.6,6.9,9.5,11.7,27,19.4,66.9,68.2,17.5,101.23,17
19,434,21,112.4,107.4,5,44,3.6,25.5,14.1,46.8,50.1,30.1,104.93,16.4
19,435,16,95.8,108.6,-12.8,8.8,5.5,11.2,8.4,37,41.4,12,98.38,3.6
19,436,5,104.4,110.2,-5.8,19.1,1.3,9.6,5.4,54.4,58.8,11.7,99.79,7.8
19,437,7,111.2,102.8,8.3,6.9,1.7,11.3,6.5,60.3,62.1,14,101.01,7.5
19,438,7,104.3,108.7,-4.4,13.7,8.1,21.6,14.9,54,55.9,15.3,101.38,10.8
19,439,30,106.9,112.2,-5.3,8.1,6.4,12.3,9.2,50.6,51.9,15.7,102.5,8.3
19,440,14,110.3,110.3,0,21.4,0,0,0,75,77.6,13,97.67,13.5
19,441,2,106.3,100.2,6,5.4,3.8,9.3,6.7,51.3,53.1,13.7,101.9,5.7
19,442,28,113.6,107.4,6.2,7.6,7.8,20.4,14.4,55.7,58.2,22.7,100.38,12.3
19,443,25,109.4,105.1,4.3,6.8,1.9,6.2,4.1,57.7,59.5,16.4,100.14,7.1
19,444,3,105.6,104.3,1.3,23.5,1.7,7.9,4.7,47.6,53.4,23.4,102.8,10.6
19,445,13,108.8,110.8,-2,17.9,2.6,7.8,5.3,51.2,55.4,18.2,103.25,8.3
19,446,23,110.9,112.1,-1.1,8.6,3.1,9.6,6.2,47.1,48.3,14.7,102.63,4.9
19,447,5,100.3,110.5,-10.2,14.2,2.2,13.2,7.6,46,49.4,16,100.99,8.2
19,448,10,110.5,107.3,3.2,15.4,4.3,7.1,5.8,51.9,55.5,11.8,101.37,7.3
19,449,4,99.3,108.4,-9.1,24.1,1.4,6.9,4.2,46.2,48.9,17.9,98.15,7.7
19,450,13,96.9,97.7,-0.8,7.9,1.5,10.8,6.3,37.8,48.5,10.5,111.4,3.2
19,451,25,112.6,120.8,-8.3,7.8,5.1,18.5,12,59.2,59.3,15.4,110.02,6.4
19,452,19,106.5,113,-6.5,8,3.6,10.2,6.9,47.2,49.7,10.4,104.6,4.2
19,453,3,107.1,109.8,-2.7,27.2,1.3,6.9,4.1,51.7,58,24.2,102.33,11
19,454,19,95.5,103.4,-7.9,11.8,2.5,14.2,8.1,45.9,48.5,18.6,102.99,7.9
19,455,10,119.5,105.8,13.7,22.5,2,12.2,7.5,60.4,64.1,29.2,104.18,15.2
19,456,17,106.4,106.1,0.2,11.5,2.6,13,8,55,56.3,14.9,105.71,7.8
19,457,21,112.6,105.9,6.7,6.3,12.9,13.3,13.1,59.5,59.1,16,104.85,10.3
19,458,9,105.2,105.7,-0.5,11,1.9,5.5,3.8,43.2,44.7,15.7,104.7,3.9
19,459,23,108.1,108.8,-0.7,24.9,1.8,9.4,5.7,54.2,55.5,14.8,103.02,9.7
19,460,24,106.4,114.1,-7.7,7.3,2.2,10.8,6.4,54.9,58,22.1,101.86,9.9
19,461,3,105.1,101.5,3.6,6.3,7.7,14.5,11.1,56.3,57.2,15.8,105.74,11.1
19,462,18,142.9,78.9,63.9,0,0,20,8.3,66.7,58.1,13.6,120.5,3.3
19,463,1,109.5,111.6,-2.1,7.2,9.5,16.1,12.8,57.6,61.2,16.7,101.76,10.8
19,464,21,108.4,115.4,-6.9,10.7,1.3,11,6,54.5,57.5,19,106.26,7.5
19,465,11,111,107.1,3.9,4.6,1.5,5.5,3.4,55.2,56.6,10.4,104.34,2.7
19,466,22,42.9,138.5,-95.6,0,0,57.1,25,25,22.5,33.3,127.06,0
19,467,2,105.3,105.9,-0.5,10.3,1.2,11.3,6.2,53.4,56.1,23,99.9,11
19,468,29,104.8,105.9,-1.1,19.3,1.6,14.5,8,47.7,50.1,18.1,100.91,10.3
19,469,12,108.3,99.5,8.8,5.9,1.4,18.1,10.2,59.1,59.9,12.9,101.69,9.8
19,470,3,109,106.5,2.5,12,7.8,13.2,10.5,55.7,56.9,17.9,98.14,10.4
19,471,30,93.6,94.3,-0.6,16.7,1.5,12.6,7,42.5,49,19.1,103.32,8.3
19,472,8,109,112.6,-3.6,9,7.2,21.9,14.5,64.8,67.4,17,103.28,13.5
19,473,9,100,97.7,2.3,20,0,11.4,4.7,65.4,64.8,15.3,115.02,10.6
19,474,17,104.3,103.4,0.9,6.6,3.9,14.9,9.5,49.8,53,14.8,101.1,7.4
19,475,7,107.9,110.6,-2.7,28.6,3.5,10.6,7.1,51.5,54.4,13.2,104.6,8.1
19,476,5,105.4,114.5,-9.1,12.5,1.5,9,5.1,47.4,52.7,24.6,101,8.5
19,477,12,98.5,112.9,-14.4,5.7,1.5,12.5,6.7,45.9,48.9,15.6,103.35,4.9
19,478,23,110.9,110.5,0.4,12.6,2.4,18.8,10.8,54.9,59.2,22.5,102.03,13.1
19,479,30,110.1,110.5,-0.4,24.8,3.6,9,6.3,54.5,59,13.9,102.35,9.2
19,480,29,107.3,126.2,-18.9,4.2,19.6,18.8,19.2,50,50.4,20,110.97,8.5
19,481,4,107.4,107.5,-0.1,33.1,1.3,6.7,4,47.4,51.2,24.7,101.52,10.9
19,482,17,110,103.4,6.6,6.9,2.1,8.6,5.5,56.4,58.5,12.7,104.71,6.9
19,483,8,112,108.7,3.3,6.2,5.7,11.2,8.4,52.6,54.7,12.1,99.05,5.5
19,484,1,108.5,114.8,-6.3,39,2.4,9.1,5.7,48,53.9,27.7,105.78,11.9
19,485,3,109.5,107.1,2.3,6.2,2.8,10.7,6.7,43.5,45.8,12.3,104.57,3.8
19,486,11,107.7,100,7.7,66.7,0,20,12.5,83.3,83.3,23.1,107.08,22.2
19,487,30,107.6,114.4,-6.8,14.9,2.1,13.9,7.9,49.8,53.4,16.4,101.73,8.5
19,488,7,107,108.4,-1.5,22.9,2.3,5.9,4.1,48.2,52.4,24.2,101.16,10.8
19,489,8,105.7,105.7,0,11.6,3.6,17.2,10.3,47,50,22.9,100.85,9.4
19,490,6,106.5,118.8,-12.3,11,13.7,23.7,18.4,52.9,55.1,17.5,97.05,12.1
19,491,30,110,110.3,-0.3,14.7,4.5,14.9,9.5,46.2,48.7,15.8,103.04,7.7
19,492,22,125,100,25,40,7.1,15.4,11.1,62.5,62.5,21.6,98.25,21.8
19,493,24,104.4,110.8,-6.4,5.2,1.6,7.9,4.7,54.5,55.8,17.1,102.54,5.6
19,494,26,100.1,109.6,-9.5,5.1,3.4,14.4,8.6,52,53.1,14.4,108.78,6.9
19,495,29,83.5,124.2,-40.7,4.3,6.5,12.8,9.4,35,41.4,11.8,110.59,3.4
19,496,21,0,0,0,0,50,0,33.3,0,0,33.3,78.98,100
19,497,15,106.4,108.4,-2,11.8,3.6,11.8,7.6,48.9,50.9,18.2,104.34,7.2
19,498,24,104.4,108.4,-4,16.5,2.1,8.7,5.3,49.8,53.2,18,101.07,8.5
19,499,8,97.6,105.9,-8.3,8.7,6.2,13.3,9.2,61.1,59.5,9.7,105.2,5.7
19,500,5,0,0,0,0,0,0,0,0,0,0,86.92,0
19,501,15,112.9,106.2,6.7,6.9,10.5,12.3,11.4,53.3,60.7,19.1,100.55,8.1
19,502,12,105.9,103.9,1.9,17.6,2.3,11.4,6.9,44.8,48.3,25.5,100.43,8.2
19,503,13,108,104.2,3.7,9,3,11.1,7.2,43.3,45,17.4,108.09,4.3
19,504,14,102.5,104.4,-1.9,5.7,9.4,21.3,15.4,61.6,63,8.4,105.25,8.5
19,505,18,108.4,108.7,-0.3,28.4,1.4,6.9,4.1,46,49.1,13.9,102.43,9.5
19,506,16,82.4,103.6,-21.3,4.8,3.1,24,13.6,33.3,36,19.6,108.24,6.7
19,507,12,110.1,104.6,5.6,25,1.8,15.4,8.7,48.6,51.9,27.8,98.25,13
19,508,1,101.8,108,-6.3,9.7,2.1,11.4,6.6,55,56.5,16.4,106.92,7.9
19,509,11,109.1,115.2,-6.1,0,5.9,5.9,5.9,37.5,37.5,11.1,100.78,2.3
19,510,25,81.7,118.5,-36.8,24,1.8,12.3,6.8,33.3,39.6,22.7,101.74,2.1
19,511,5,103.4,111.2,-7.8,28.3,2.1,13.6,7.6,44.8,46.8,25.3,100.22,10.9
19,512,9,106.7,107.1,-0.5,8.6,1,7.3,3.9,55.4,56.9,16.7,98.49,7.5
19,513,5,102.6,112.1,-9.6,11.2,2.4,9.8,6,46.3,49.1,17.8,100.83,5.4
19,514,5,97.8,109.5,-11.7,11.8,7.5,19.8,13.6,49.3,54.1,19.2,99.17,10
19,515,22,104.9,103.1,1.7,8,2.7,10.8,6.8,46.5,53.1,12.5,101.34,5.6
19,516,30,104.6,111.9,-7.3,5.4,2,10.4,6.2,44.9,46.9,11.5,104.91,2.9
19,517,12,107.4,109.4,-2,11.3,1.5,6.3,3.9,50.7,54.6,17.5,100.62,6.2
19,518,8,109.7,109.1,0.6,14.6,2.6,13.7,8.1,47.5,50.1,19.5,100.16,8
19,519,26,110,108.7,1.2,12.1,7.4,21.3,14.2,55.7,56.6,17.3,104.58,11.8
19,520,4,109.2,115.3,-6.2,11.2,13,24,18.2,54.4,58.7,20.6,102.82,11.8
19,521,13,112.7,108.5,4.2,8.9,4.1,13.2,8.9,52.6,53.7,11.5,103.4,5.6
19,522,16,100,85.2,14.8,0,7.1,9.5,8.6,25,25,13.3,99.44,6.3
19,523,26,106.4,108.9,-2.6,17.6,1.1,8.5,4.8,51.1,55,16,103.91,9.2
19,524,15,108.5,103,5.5,6.3,2.2,15.2,8.6,31.4,35.2,14.8,100.76,3.6
19,525,25,107.9,107.8,0.1,7.6,7.8,14.4,11.2,52.3,56.2,16.6,100.09,8
19,526,5,105.8,112.4,-6.5,22.4,1.8,11.3,6.6,52,57.4,29.8,99.98,12.5
19,527,9,100,100,0,0,0,0,0,0,0,25,102.4,-5.6
19,528,9,100.8,105.3,-4.6,16.1,10.1,18.4,14.1,44,53.9,14.7,99.89,8.8
19,529,23,118.1,110.8,7.3,10.1,2.8,8.7,5.8,50,53.3,16.6,103.49,5.4
19,530,11,66.7,133.3,-66.7,0,0,0,0,100,100,33.3,150.79,33.3
