SEASON_ID,PLAYER_ID,TEAM_ID,GP,MIN,PTS,FGM,FGA,FG%,3PM,3PA,3P%,FTM,FTA,FT%,OREB,DREB,REB,AST,TOV,STL,BLK,PF,FP,DD2,TD3,
19,1,22,5,32.8,15.2,5.8,12.4,46.8,1.6,4,40,2,3.8,52.6,2.2,5,7.2,3.6,2.6,1.2,0.2,3.2,30.8,1,0,
19,2,12,3,4.5,1.7,0.7,1.7,40,0.3,0.7,50,0,0,0,0,0,0,0,0.3,0,0,1,1.3,0,0,
19,3,21,3,1.6,0.7,0.3,0.7,50,0,0,0,0,0,0,0,0,0,0,0,0,0.3,0,1.7,0,0,
19,4,2,9,34.5,13.9,5.1,12.2,41.8,2,4.9,40.9,1.7,2,83.3,1.4,7.6,9,4.4,2.1,0.4,0.8,2.3,32.9,3,0,
19,11,25,16,24.9,7.4,2.4,6.8,34.9,0.9,3.2,29.4,1.7,2.3,75,1.8,4.4,6.3,1.3,1,0.6,0.6,2.1,19.4,1,0,
19,12,10,22,10.7,3,1.2,2.7,44.1,0.5,1.5,31.3,0.2,0.5,40,0.8,1.5,2.3,0.2,0.3,0.1,0,1.5,6.1,0,0,
19,17,23,4,4.9,2,1,1,100,0,0,0,0,0,0,0.8,0.5,1.3,0.5,0.3,0.3,0,0.8,4.8,0,0,
19,18,9,4,31.8,14.3,6,13.5,44.4,0,0.3,0,2.3,5.3,42.9,5,8,13,2.3,2.8,1.5,1.3,4.3,38.7,4,0,
19,19,10,21,30,9.8,3.9,7.9,49.4,1.3,3.8,35,0.7,1.8,37.8,1.3,3,4.3,4,1,1.1,1.1,2,26.7,0,0,
19,21,10,19,9.4,2.7,1.3,1.9,64.9,0,0,0,0.2,0.3,80,1.2,2.7,3.9,1.1,0.5,0.3,0.3,2,10.3,0,0,
19,24,25,5,2.4,0.8,0,1.4,0,0,0.4,0,0.8,1,80,0,0,0,0,0,0.2,0,0.4,1.4,0,0,
19,30,2,9,12.8,2.1,0.9,1.6,57.1,0.2,0.7,33.3,0.1,0.2,50,0.7,2.1,2.8,0.3,0.6,0.3,0.2,2.2,7.1,0,0,
19,31,11,10,21.5,7.4,2.7,6.2,43.5,1.6,3.5,45.7,0.4,0.6,66.7,0.2,1.9,2.1,1,0.8,0.5,0.1,3.1,12.4,0,0,
19,35,23,12,35.1,13.9,6,9.7,62.1,0,0,0,1.9,3.3,57.5,1.9,5.1,7,6,2.7,1.3,1,3.8,35.4,1,1,
19,39,9,2,29,24.5,9,19.5,46.2,3,6.5,46.2,3.5,3.5,100,2,4,6,6,3,1,0,4.5,40.7,0,0,
19,41,23,11,9.5,5.8,2.2,3.6,60,0,0.3,0,1.5,1.7,84.2,1.2,2.1,3.3,1,1.3,0.2,0.3,1.6,11.3,0,0,
19,42,12,4,36.9,18,6.3,15.8,39.7,1.8,5.5,31.8,3.8,4.3,88.2,0.8,5,5.8,2.8,1.5,2,0,1.8,33.5,0,0,
19,45,2,4,4.3,2.5,0.8,1.8,42.9,0.3,0.3,100,0.8,1,75,0,0,0,0.8,0.5,0.5,0,0,4.6,0,0,
19,51,17,15,29.2,11.2,4.1,8.9,45.5,1.5,5,29.3,1.6,1.9,82.8,0.8,4.7,5.5,1.4,0.7,0.4,1.9,3.1,26,1,0,
19,52,9,4,14.2,3.3,1.3,3.5,35.7,0.3,1.3,20,0.5,0.5,100,0.3,1.8,2,0.5,0.5,0.5,0.3,2,8.2,0,0,
19,54,27,7,30.3,10.7,3.9,8,48.2,2.1,4.4,48.4,0.9,1.3,66.7,0.1,3.4,3.6,1,0.4,0.1,0.1,2,16.9,0,0,
19,60,3,5,28.9,21,7.2,14.6,49.3,2.4,5.2,46.2,4.2,5.8,72.4,1.2,3.4,4.6,3,2,1,0.4,1.6,33.2,0,0,
19,69,28,2,2,2.5,1,2.5,40,0.5,1.5,33.3,0,0.5,0,0,0.5,0.5,0,0,0,0.5,0,4.6,0,0,
19,71,11,11,36.1,17,6,13.5,44.6,1.5,5.7,27,3.5,4.1,84.4,1.3,5.1,6.4,5.5,3.4,2.2,0.6,3.3,37.9,1,0,
19,73,25,16,39.7,24.7,9.6,21.9,44,2.9,7.3,39.3,2.6,3.5,73.2,0.9,4.1,5,3.7,1.9,0.8,0.6,2.1,38.7,0,0,
19,75,11,11,30.1,9.7,4.2,7.5,56.1,0,0,0,1.4,3.2,42.9,3.7,6.5,10.3,1.5,1.5,0.3,1.1,2.4,26.9,6,0,
19,79,12,4,21.2,7.5,3,6,50,1,2.3,44.4,0.5,0.5,100,0.3,1.5,1.8,1,0,0.8,0,1.8,13.4,0,0,
19,82,22,5,28.2,12.8,4,8.2,48.8,2,4.2,47.6,2.8,3.2,87.5,0.2,1.4,1.6,3.8,1.4,0.4,0.2,1.4,20.8,0,0,
19,83,17,8,5.3,2.4,1,2,50,0.1,0.6,20,0.3,0.3,100,0.1,1.1,1.3,0.5,0.9,0,0.1,0.9,4.1,0,0,
19,85,10,4,2,0.8,0.3,0.3,100,0,0,0,0.3,0.5,50,0,0.5,0.5,0,0.3,0,0,0.8,1.1,0,0,
19,86,25,16,40.6,26.9,8.6,20.6,41.8,3.7,9.9,37.3,5.9,7.1,83.3,0.5,4.3,4.8,6.6,3.8,1.7,0.3,2.5,44.8,3,0,
19,89,3,5,29.6,19.4,7.4,20.6,35.9,2.4,7.4,32.4,2.2,2.6,84.6,0.4,3.2,3.6,3.6,2.8,1.4,0.2,2.4,31.1,0,0,
19,91,2,7,6,1.7,0.7,2,35.7,0,0.3,0,0.3,0.3,100,0.6,0.9,1.4,0,0.1,0.1,0.1,0.6,4.1,0,0,
19,92,13,6,33.6,19.8,6.5,18.5,35.1,2.2,7.2,30.2,4.7,5.5,84.8,1.5,4.7,6.2,2.7,1.8,1.3,0.2,2.3,33.9,0,0,
19,93,28,24,28.5,6.9,2.2,6.5,34.2,1.6,5,32.8,0.9,1,91.3,0.7,2.9,3.6,1.1,1.1,1.3,0.5,2.5,17.2,0,0,
19,94,27,5,2.6,1.2,0.4,0.6,66.7,0.4,0.4,100,0,0,0,0.4,0.8,1.2,0,0,0,0,0,2.6,0,0,
19,96,11,7,20.1,4.9,1.6,5.3,29.7,1.1,4.4,25.8,0.6,1.1,50,0.3,2.9,3.1,0.1,0.6,0.4,0.3,1.6,10.4,0,0,
19,99,12,4,29.2,12,4.8,11.3,42.2,1,2.8,36.4,1.5,1.5,100,1,2,3,4,2.5,0.5,0,2.8,20.6,0,0,
19,102,27,5,15.8,3.2,1,3,33.3,0.6,2.2,27.3,0.6,1,60,0,1.6,1.6,1,0.2,0,0.2,2,7,0,0,
19,110,27,7,35.8,22,8.3,17,48.7,0,0.1,0,5.4,6.3,86.4,1.4,5.3,6.7,4.6,1.7,1.1,0.1,2.3,39.1,1,0,
19,111,10,8,16.6,7.6,2.6,6.6,39.6,0.4,1.5,25,2,3.1,64,1.1,3.8,4.9,2.4,2.4,0.6,0.8,3,18.8,1,0,
19,112,3,5,23.9,6.6,1.8,7.6,23.7,1.4,4.8,29.2,1.6,1.6,100,1.2,2.8,4,0.4,0.6,0.8,0,1.6,13.8,0,0,
19,115,21,5,30.1,13.8,5,11,45.5,1.2,4,30,2.6,3.6,72.2,0.4,2.8,3.2,3.4,1.2,0.8,0,2.2,23.9,0,0,
19,117,21,3,1.5,0.7,0.3,1.7,20,0,0.7,0,0,0,0,0.3,0.3,0.7,0,0,0,0,0,1.5,0,0,
19,118,29,5,20.6,11.8,4.6,7.2,63.9,0,0.6,0,2.6,3.8,68.4,3,4.4,7.4,0.8,1,0.8,1.8,2.4,28.7,2,0,
19,121,27,7,27.2,15.1,5.9,10.7,54.7,0.7,2.4,29.4,2.7,3.7,73.1,0.1,2.9,3,3,2.1,0.7,0.7,2.4,25.4,0,0,
19,133,12,4,24,8.5,3,7.3,41.4,0.3,1,25,2.3,3.5,64.3,1.8,5.5,7.3,4,1.3,0.8,0.3,3,25,0,0,
19,134,27,5,3.7,2.6,1.2,2,60,0,0.2,0,0.2,0.4,50,0.6,0.8,1.4,0.4,0,0,0,0.2,4.9,0,0,
19,135,29,5,38.6,21.4,7.2,22.4,32.1,2.2,8.6,25.6,4.8,6.6,72.7,1.4,3.6,5,3.2,4.2,1.6,0.2,3,33.4,0,0,
19,139,12,3,9.7,2,0.7,3.3,20,0,2.3,0,0.7,1.3,50,1,0.7,1.7,1.3,0,0,0.3,0.7,7,0,0,
19,141,10,22,38.7,13.3,5.2,10.4,49.8,0.6,2.6,22.8,2.3,3.2,71.8,1.9,8.3,10.1,8.5,3.8,1.5,1.5,3.9,43.3,14,6,
19,149,3,2,7.3,2,1,1.5,66.7,0,0.5,0,0,0,0,0,0,0,0,1.5,1,0,2,3.5,0,0,
19,150,3,3,13.6,5.3,2.3,3.3,70,0,0,0,0.7,0.7,100,1.3,5,6.3,0.7,0,0,0.3,3,14.9,1,0,
19,151,12,1,1.6,0,0,0,0,0,0,0,0,0,0,0,2,2,0,0,0,0,0,2.4,0,0,
19,152,29,2,3.1,0,0,0.5,0,0,0,0,0,0,0,0,0,0,0,0,0,0,0,0,0,0,
19,157,25,16,28.8,11.4,4.7,9.1,51.4,0.1,0.3,25,1.9,2.6,75.6,3.3,6.4,9.6,1.2,1.6,0.7,0.6,2.3,26.8,5,0,
19,158,17,15,28.2,13.7,5.1,12.3,41.1,1.1,4.8,23.6,2.4,3.4,70.6,1.3,2.4,3.7,4.3,2.1,1.1,0.4,1.9,26.8,0,0,
19,159,11,11,37.2,17.8,6.1,13.6,44.7,3.5,8.6,40,2.2,2.5,85.7,0.5,2.1,2.5,1.3,2.5,0.6,1,2,25.2,0,0,
19,160,28,8,3.5,0.3,0.1,0.3,50,0,0,0,0,0,0,0.3,1.5,1.8,0.4,0,0,0,0.6,2.9,0,0,
19,161,17,15,18.2,6.8,2.3,5.4,43.2,0.8,2.7,30,1.3,1.7,80,1.3,3.4,4.7,1.4,0.5,0.7,0.4,2.7,17.3,0,0,
19,163,22,5,35,12.4,4.8,13.8,34.8,1.6,6.8,23.5,1.2,1.6,75,0.6,2.6,3.2,2,2.4,1.4,0,2.8,21,0,0,
19,164,25,16,15.3,2.7,0.9,2.9,32.6,0.1,0.1,100,0.8,0.9,80,0.8,3.7,4.5,2.2,0.8,0.2,0.2,1.4,11.7,0,0,
19,169,28,24,24.7,8,2.7,6.9,39.2,1.6,4.1,38.8,1,1.3,77.4,0.3,1.4,1.7,2.6,0.9,0.8,0.3,2,16,0,0,
19,170,23,4,8.9,4.8,1.5,4.5,33.3,0.8,2,37.5,1,1.3,80,0,1.5,1.5,1.3,0.3,0,0.3,1.3,8.9,0,0,
19,171,13,6,10.5,2.3,0.5,1.8,27.3,0.2,1.2,14.3,1.2,1.7,70,0.2,1,1.2,0.3,0.3,0.5,0.2,1.3,5.9,0,0,
19,172,11,2,1.9,0,0,0,0,0,0,0,0,0,0,0,0.5,0.5,0,0,0,0,0,0.6,0,0,
19,173,8,14,37,14.2,5.2,11.3,46.2,1.4,4.1,35.1,2.4,2.7,86.8,0.6,3.5,4.1,2.3,0.8,0.9,0.6,2.7,26.1,0,0,
19,176,17,15,26.3,11.5,4.2,7.9,53.4,1.3,3.2,41.7,1.8,2.2,81.8,1,2.5,3.5,2.8,0.4,0.8,0.3,2.3,22.8,0,0,
19,178,29,5,11,4.4,1.8,4.4,40.9,0.8,2.6,30.8,0,0,0,0,2.8,2.8,1,0.4,0.2,0.2,1,10.1,0,0,
19,179,11,11,8.8,3.5,1.1,3.6,30,0.9,2.6,34.5,0.5,0.5,100,0,1.1,1.1,0.1,0.3,0.3,0.3,1.1,6.4,0,0,
19,180,17,15,34.3,25.5,8.6,17.4,49.4,1.2,3.7,32.7,7.1,11.2,63.7,2.4,9.8,12.2,4.9,3.3,1.2,2,3.2,53.7,10,0,
19,181,9,3,11.9,4.3,1.3,5,26.7,0.3,2.7,12.5,1.3,1.3,100,0.7,1.7,2.3,0.7,0.3,0.7,0,1.7,9.8,0,0,
19,183,2,9,29.6,9.6,3.2,7.8,41.4,1,2.7,37.5,2.1,2.1,100,0.3,3.7,4,2.4,1.6,0.7,0.3,1.8,19.5,0,0,
19,185,29,2,7,4.5,1,3.5,28.6,0,1.5,0,2.5,3.5,71.4,0,0.5,0.5,0,0,0,0,0,5.1,0,0,
19,186,23,10,9,4,1.6,4,40,0.1,0.4,25,0.7,0.9,77.8,1.4,1.7,3.1,0.4,0.4,0.5,0.3,1.1,10.3,0,0,
19,187,2,4,3.5,2,0.5,1,50,0,0.3,0,1,1.8,57.1,0.3,0.3,0.5,0.3,0.3,0,0.3,0.8,3.5,0,0,
19,197,11,8,13.7,3.6,1.3,3.3,38.5,1,2.8,36.4,0.1,0.5,25,0.1,1.4,1.5,0.3,0.4,0.1,0,1.3,5.8,0,0,
19,202,11,2,1.1,2,1,1,100,0,0,0,0,0,0,0.5,0,0.5,0,0,0,0,0.5,2.6,0,0,
19,205,9,4,20.2,6,2.5,9.5,26.3,0.3,1.8,14.3,0.8,1,75,0.3,2.5,2.8,3.5,1,0.8,0.3,2,16.6,0,0,
19,207,13,4,9.7,5,2.3,4.5,50,0,0,0,0.5,0.8,66.7,2.8,2.8,5.5,0.3,1,0.5,0.5,1.3,14,1,0,
19,211,10,7,2.5,0.7,0.3,0.7,40,0.1,0.3,50,0,0,0,0,0.1,0.1,0.1,0.3,0,0,0.1,0.8,0,0,
19,212,29,5,26,11.4,3.4,9.2,37,1.8,6,30,2.8,3.8,73.7,0.8,5,5.8,0.8,0.2,1,0,1.4,22.4,1,0,
19,215,25,6,3.4,0.8,0.2,1.2,14.3,0,0.8,0,0.5,0.7,75,0.2,0.5,0.7,0,0,0,0,0.5,1.6,0,0,
19,216,27,7,25.3,7.3,3.3,5.1,63.9,0,0.1,0,0.7,1.3,55.6,3.6,4.1,7.7,1.7,0.4,0.3,0.7,3.7,21.7,0,0,
19,220,8,14,36.3,21.3,7.6,18,42.5,2,5.9,33.7,4,4.4,90.3,1.4,3,4.4,4.7,1.6,1,0.1,1.7,35.4,1,0,
19,221,23,11,21.1,7.5,2.8,5.8,48.4,0.8,2.9,28.1,1.1,1.7,63.2,1.5,2.4,3.8,1.1,0.9,0.4,0.3,2.8,14.8,0,0,
19,222,11,11,38.6,31.6,9.9,24,41.3,4.4,12.5,35,7.5,8.9,83.7,0.8,6,6.8,6.6,4.6,2.2,0.9,3.7,54.4,4,1,
19,225,13,6,23.5,11,3.8,7.2,53.5,2,3.8,52.2,1.3,1.7,80,1,4.3,5.3,0.8,1.8,0.7,0,3.7,18.8,0,0,
19,226,3,4,20.6,3,0.8,2.8,27.3,0.5,2.3,22.2,1,1,100,0,0.5,0.5,2.8,1,0.8,0.3,2.5,9.7,0,0,
19,228,22,3,6.1,3.3,1.3,3,44.4,0.7,2.3,28.6,0,0.7,0,0.3,0.3,0.7,0.3,0,0,0.3,0.3,5.6,0,0,
19,231,8,3,1.6,0,0,0,0,0,0,0,0,0,0,0,0.3,0.3,0,0,0,0.3,0,1.4,0,0,
19,232,3,5,22,11,3.8,6.4,59.4,0,0,0,3.4,4,85,3,3.8,6.8,2.2,1.6,0.6,0.6,2.6,24.5,0,0,
19,237,2,9,30.4,13.9,4.9,9.7,50.6,1.6,4.4,35,2.6,3.3,76.7,0.7,5.1,5.8,1.1,1.8,0.7,0.2,3.3,23.4,0,0,
19,239,2,9,32.8,15.2,5.4,12.4,43.8,1.1,3.4,32.3,3.2,4.3,74.4,0.8,5.9,6.7,1.9,2,1.1,0.8,2.3,29.7,2,0,
19,243,21,5,35.2,11.6,4,8,50,1.8,4,45,1.8,2.6,69.2,1.2,4.2,5.4,0.8,0.8,0.6,2,2.6,26.3,0,0,
19,245,28,8,3.4,1.1,0.3,1.1,22.2,0.1,0.3,50,0.5,0.5,100,0,0.4,0.4,0.5,0.6,0.1,0,0.3,2.1,0,0,
19,246,22,3,4.7,1.7,0.7,3.3,20,0,2.3,0,0.3,0.3,100,0,1.3,1.3,1,0.3,0,0,0.3,4.4,0,0,
19,247,13,5,9.2,3.6,1,2.8,35.7,0.6,1.2,50,1,1,100,0.4,0.8,1.2,1.4,0.2,0.4,0,0.8,8.1,0,0,
19,251,23,12,35.1,19.4,6.6,14.6,45.1,1,3.8,26.7,5.3,6,87.5,1.8,4.2,6,5.2,1.8,1.5,0.6,1.7,38.8,2,0,
19,252,23,12,31.3,13.4,4.5,10.3,43.5,3,7.3,41.4,1.4,1.7,85,0.2,1.3,1.5,1.6,1.8,0.1,0.3,2.7,16.8,0,0,
19,254,28,14,4.8,1.6,0.6,2.1,31,0.1,0.9,15.4,0.1,0.2,66.7,0,0.6,0.6,0.1,0.2,0.3,0.1,0.5,3.3,0,0,
19,256,3,5,29.9,8.8,3.2,8.6,37.2,0.8,4.2,19,1.6,1.6,100,1.2,3,4.2,0.6,1.8,0.6,0,2.4,14.7,0,0,
19,257,29,5,30.1,6.4,2.4,7.4,32.4,1.6,5.8,27.6,0,0,0,0.6,4.2,4.8,5,1.6,2.2,0,2.8,24.7,0,0,
19,258,23,11,30.4,20.2,6.2,14.5,42.8,1.1,3.5,30.8,6.7,8.2,82.2,1.9,8.5,10.5,3.4,3.6,0.7,2.3,3.1,43.1,7,0,
19,266,9,1,4.9,2,1,2,50,0,0,0,0,1,0,0,0,0,0,0,0,0,1,2,0,0,
19,267,23,10,7.9,1.6,0.5,1.9,26.3,0.4,1.6,25,0.2,0.4,50,0.4,1,1.4,0.3,0.9,0.2,0.1,1.2,3.7,0,0,
19,268,10,16,7.6,2.1,0.8,2.6,28.6,0.3,1.2,26.3,0.3,0.4,83.3,0.9,1.2,2.1,0.8,0.1,0.1,0.1,0.6,6.2,0,0,
19,270,22,5,27.3,6.6,2.2,8,27.5,0.8,4,20,1.4,1.6,87.5,2,4.2,6.2,0.4,1,0.4,1,1.8,17.8,0,0,
19,271,23,7,7.4,3.6,1.4,4.3,33.3,0.3,1.4,20,0.4,0.6,75,0.3,1,1.3,0.3,0.9,0.1,0,0.3,5.1,0,0,
19,272,10,15,7,2.7,1.1,2.1,54.8,0,0,0,0.5,0.7,70,0.5,0.8,1.3,0.7,0.1,0.3,0.5,0.9,7.4,0,0,
19,277,9,3,3.2,0,0,0,0,0,0,0,0,0,0,0,0,0,1.7,0,0.3,0,0,3.5,0,0,
19,284,8,5,2.9,0.6,0.2,0.6,33.3,0.2,0.4,50,0,0,0,0,0.6,0.6,0,0.2,0,0,0.4,1.1,0,0,
19,296,28,24,39.1,30.5,10.1,20.7,49,2.3,6,37.9,8,9,88.4,2.3,6.8,9.1,3.9,3.1,1.7,0.7,2.3,51.3,9,0,
19,301,11,6,9.4,4,1.5,2.2,69.2,0.2,0.2,100,0.8,1,83.3,0.5,3,3.5,0.3,0,0.3,0,1,9.7,0,0,
19,305,10,12,36.8,32.3,10.4,20.3,51.4,2.9,6.7,43.8,8.5,9.4,90.3,0.1,4.8,4.9,4.5,3.6,1.1,1,3.2,47.6,0,0,
19,309,10,21,20.5,7.1,3,4.4,68.8,0,0,0,1,1.4,72.4,2,2.5,4.5,1,0.6,0.6,0.5,2.4,16.6,1,0,
19,310,22,5,18.3,5.2,2,3.6,55.6,0,0,0,1.2,1.4,85.7,1.8,4.4,6.2,0.8,1.2,0.2,1,1.6,16.2,0,0,
19,311,17,15,34.3,16.9,5.6,13.4,41.8,2.7,6.1,43.5,3.1,3.5,88.5,0.6,5.7,6.3,4.4,1.9,0.6,0,2.9,31,3,0,
19,312,9,3,5,4.7,2,4,50,0.3,1.3,25,0.3,0.3,100,0,0.7,0.7,0,0,0.7,0,0,7.5,0,0,
19,313,10,21,39,20.7,7.8,17.1,45.6,3.3,7.5,44.3,1.8,2,90.2,0.6,3.5,4.1,2.1,1.8,1.3,0.7,2.8,33.1,0,0,
19,319,29,4,7.4,2.5,0.8,2,37.5,0.5,1.5,33.3,0.5,0.8,66.7,0.3,1,1.3,0,0.3,0,0,1.5,3.8,0,0,
19,321,28,24,37.5,15,5.1,11.5,44,2.2,6,35.9,2.7,3.4,80.2,0.9,4,4.9,6.6,2.3,1.3,0.3,4,33.3,2,0,
19,322,12,1,1.6,0,0,0,0,0,0,0,0,0,0,0,0,0,0,1,0,0,0,-1,0,0,
19,323,2,9,36.7,21.3,7.7,19.9,38.5,2,6.4,31,4,4.4,90,0.6,3.8,4.3,7,3.1,1.4,0.4,2.9,39.6,3,0,
19,324,27,7,34.9,20,7.9,17.3,45.5,0.4,1.6,27.3,3.9,4.7,81.8,2.7,6.9,9.6,2.7,1,0.7,1,3,39.7,4,0,
19,327,13,6,29,7.7,2.2,6.3,34.2,1.7,5.2,32.3,1.7,1.7,100,0.2,1.8,2,1.7,1.2,1,0,2.5,14.4,0,0,
19,328,9,4,27.5,7.8,2.8,8.5,32.4,2.3,6.3,36,0,0,0,0.5,3.3,3.8,1,0.5,0.5,1,2.5,17.8,0,0,
19,332,27,6,3.5,1,0.5,1.3,37.5,0,0.2,0,0,0,0,0,0.3,0.3,0.5,0,0,0,0,2.2,0,0,
19,335,13,6,29.4,21.7,7.5,17.3,43.3,1,3,33.3,5.7,6.8,82.9,1,1.8,2.8,7.7,3,0.8,0.2,2.3,36.6,2,0,
19,338,9,4,33.2,15,5.8,11.8,48.9,2.3,3.8,60,1.3,1.5,83.3,0,4,4,1.8,0.8,0.8,0.3,1.5,24.7,0,0,
19,342,17,7,28.3,13,5,11.1,44.9,2,5.3,37.8,1,1.6,63.6,0.9,4,4.9,3.4,1.4,0.7,0.1,2.3,25.1,1,0,
19,343,28,10,2.8,0.8,0.2,0.8,25,0.1,0.6,16.7,0.3,0.4,75,0,0.5,0.5,0.1,0.1,0,0.1,0.3,1.8,0,0,
19,344,8,14,20.1,8.1,2.6,6.6,38.7,1.4,3.4,40.4,1.6,2.2,71,0.8,2.6,3.4,1,0.5,0.2,0.1,1.4,14,0,0,
19,346,28,24,30.6,9.4,3.2,7.5,42.2,1.4,3.7,38.2,1.7,1.9,87,0.7,5.8,6.4,3,0.9,0.9,1.1,3.5,26.7,1,0,
19,348,27,7,18.8,5.9,2,5.4,36.8,1.1,3,38.1,0.7,0.9,83.3,0,1.9,1.9,1.1,0.3,0,0.3,1,10.4,0,0,
19,350,2,9,28.3,13.7,4.6,8.8,51.9,2,4.4,45,2.6,3.4,74.2,1.3,6.8,8.1,1.2,0.8,0.1,0.6,2.4,26.5,2,0,
19,351,2,2,16.2,3.5,0.5,5.5,9.1,0.5,5.5,9.1,2,3,66.7,2,0,2,2,1.5,1.5,0,1.5,11.9,0,0,
19,354,21,5,11.8,3.8,1,3.2,31.3,0.4,1.4,28.6,1.4,1.8,77.8,0.8,1.8,2.6,1,0.4,0.2,0.6,1.8,10.4,0,0,
19,359,8,14,15.6,4.6,1.7,3.4,51.1,0,0.1,0,1.1,2,57.1,1.9,2.6,4.4,1.5,0.6,0.5,0.7,2.8,15.2,0,0,
19,361,25,16,24.2,8.4,3.3,6.8,47.7,0.4,1.8,25,1.4,2.3,63.9,1.8,3.1,4.9,1.4,1.1,1.1,1,3.5,21.7,2,0,
19,363,22,3,4.9,1.7,0.7,1.7,40,0,0,0,0.3,0.7,50,0.3,1,1.3,0,0,0.3,0,0,4.3,0,0,
19,364,25,11,15.5,7.7,3.1,5.9,52.3,1.3,3,42.4,0.3,0.8,33.3,0.5,3.1,3.6,1.1,0.4,0.3,0.1,2.5,14.5,1,0,
19,366,22,5,18.5,6.6,2.4,6.2,38.7,0.4,1.6,25,1.4,1.6,87.5,0.4,3.6,4,2.4,1.6,0.6,0,2.4,15.2,0,0,
19,371,23,10,19.3,5.6,2.1,4.7,44.7,1.2,3.4,35.3,0.2,0.2,100,0.4,3,3.4,0.5,0.7,0.3,0,2.2,10.6,0,0,
19,378,8,14,16,5.4,2.4,6.1,38.4,0,0.9,0,0.6,0.9,69.2,0.2,1.1,1.4,2.6,0.4,0.4,0.1,1.1,11.7,0,0,
19,379,13,6,26.3,18.3,7.7,10.5,73,0,0.2,0,3,4.3,69.2,2,3.5,5.5,2.2,1.3,0.5,0.7,3.2,30.4,1,0,
19,381,12,4,31.5,9.8,3.5,8.8,40,0.8,3.5,21.4,2,3.3,61.5,1,5.3,6.3,1.5,0.8,0,1.8,3.5,24,0,0,
19,384,11,7,7.5,3.9,1.4,1.4,100,0,0,0,1,1.3,77.8,1.3,0.7,2,0.4,0.4,0.4,0.3,1,8.6,0,0,
19,385,21,5,12.1,4.8,2.4,4,60,0,0,0,0,0.4,0,2.2,1.6,3.8,0,0.8,0.4,0.6,1.8,11.6,0,0,
19,389,8,14,39.7,25.1,9.4,18.6,50.6,1.6,4,39.3,4.7,5.6,84.6,3.9,9.1,13,8.4,2.6,1.1,0.9,3.9,57,12,4,
19,390,17,14,21.3,9.5,3.1,8.4,37.6,1.6,5.4,28.9,1.6,2,82.1,1.2,3.1,4.3,0.7,1,0.7,0.2,1.8,17.5,1,0,
19,391,22,5,29.5,11.2,4.2,11.6,36.2,0.6,2.6,23.1,2.2,2.8,78.6,1.8,6.2,8,3,2.6,0.4,1,2.4,26.9,1,0,
19,393,28,23,15.9,6.5,2.4,5.5,44.4,1,2.7,38.7,0.6,0.8,73.7,0.2,2,2.2,1.1,0.5,0.4,0,1.3,11.5,0,0,
19,399,28,24,37.1,19,7.5,16,47,1.2,4.3,27.9,2.8,3.6,75.9,1.7,5.5,7.1,2.8,1.4,1,0.7,2.8,35.4,6,0,
19,400,17,15,21.6,6.2,2.5,5.1,48.1,1,2.8,35.7,0.3,0.5,50,0.7,5.5,6.2,1.4,0.6,0.4,0.9,0.9,18.9,0,0,
19,401,13,6,32.4,9.8,3.3,7.8,42.6,2.2,5,43.3,1,1.3,75,1.3,6.7,8,4.7,1.7,1,1,3.5,30.8,3,0,
19,402,28,11,4.4,0.5,0.1,0.5,20,0.1,0.3,33.3,0.2,0.2,100,0.2,0.1,0.3,0.4,0.1,0.2,0,0.4,1.8,0,0,
19,404,27,7,21.8,5.3,2,6.1,32.6,0.4,3.1,13.6,0.9,1.4,60,0.1,2,2.1,3.6,0.4,1,0.1,1.3,16.2,0,0,
19,406,21,5,40.8,28.6,8.8,20.2,43.6,3,9.4,31.9,8,9.8,81.6,1.2,7.4,8.6,3.6,4.2,1.4,0.2,4.2,44.9,2,0,
19,407,8,14,33.5,14.6,5.2,11.1,46.8,0.9,2.7,31.6,3.4,4.4,77,1.7,5,6.7,0.8,1.3,0.9,1.1,3.4,28.4,3,0,
19,409,11,11,38.7,11.4,3.6,8,45.5,2.4,5.2,45.6,1.7,2.1,82.6,1.7,5.7,7.5,1.7,0.7,1.7,0.7,3.2,29.5,4,0,
19,411,27,5,2.4,0,0,0.4,0,0,0.2,0,0,0,0,0,0.2,0.2,0.4,0,0.2,0,0.4,1.4,0,0,
19,412,10,17,11.4,4.2,1.6,4.1,40,0.6,2,32.4,0.2,0.2,100,0.1,0.9,1.1,0.7,0.4,0.2,0.1,0.8,6.9,0,0,
19,414,29,3,6.5,0.7,0.3,2,16.7,0,0.3,0,0,0,0,0,1,1,0.3,0,0,0,0.7,2.4,0,0,
19,417,21,5,11.4,2.2,0.8,2.6,30.8,0.4,1.6,25,0.2,0.4,50,0,0.6,0.6,0.6,0.4,0.8,0.2,1.4,6.4,0,0,
19,419,9,4,26.9,17.8,7,16.3,43.1,2.3,5.3,42.9,1.5,1.8,85.7,1.3,2,3.3,7,1.3,0.8,0,3,33.2,0,0,
19,421,29,5,33.5,15.4,5.6,13.2,42.4,0.8,4,20,3.4,4,85,0.6,2.6,3.2,8.6,3,2.4,0.2,2.8,36.9,2,0,
19,424,2,3,4.2,1.3,0.3,0.7,50,0,0,0,0.7,0.7,100,0.3,2,2.3,0,0,0,0,0.3,4.1,0,0,
19,426,3,4,17.1,6.3,2,5,40,0.5,2,25,1.8,2.3,77.8,1.5,3.5,5,0.8,0.5,0.5,0,2.5,14.4,0,0,
19,427,25,16,23.3,9.9,3.3,6.9,46.8,1.1,3.2,35.3,2.3,2.8,81.8,0.6,1.7,2.3,0.9,0.4,0.4,0.2,1.8,15.1,0,0,
19,430,3,4,15.6,13.3,4,8.3,48.5,0.3,0.3,100,5,6.3,80,0.8,2.3,3,1.5,0.8,0.3,1.3,1.8,22.9,0,0,
19,431,29,5,27.4,10.6,4.2,9,46.7,1.6,4.6,34.8,0.6,0.8,75,0.4,4.2,4.6,1.6,2,0.4,0.4,3,18.9,1,0,
19,432,27,7,25.5,11.1,4,10,40,1.1,2.7,42.1,2,2.4,82.4,1.9,5.3,7.1,1.7,1.4,0.4,0.7,1.9,24.3,1,0,
19,433,29,5,30.4,11.2,3.8,6.4,59.4,0,0,0,3.6,4.6,78.3,4.6,5.6,10.2,1.4,1.8,0.6,2.6,3.2,33.3,2,0,
19,434,21,5,39.4,22.8,8,22.2,36,2.2,6.8,32.4,4.6,5.2,88.5,1.4,7.6,9,10.6,4.6,1,0.6,3.8,49.7,4,2,
19,441,2,6,5.8,2.2,0.7,1.5,44.4,0.5,0.8,60,0.3,0.3,100,0.2,0.2,0.3,0.3,0.2,0,0,0.8,2.9,0,0,
19,442,28,24,20.8,9.4,3.8,8,47.7,0.4,1.6,23.7,1.3,1.8,76.2,1.5,4.5,6,0.9,1,0.5,1,3.3,21.1,1,0,
19,443,25,16,20.4,5.6,1.9,5.1,36.6,1.3,3.3,40.4,0.6,0.7,81.8,0.3,1.3,1.6,0.8,0.4,0.8,0.3,1.7,11.3,0,0,
19,444,3,3,9.4,8,2.3,3.7,63.6,1,1.7,60,2.3,2.7,87.5,0.7,1.7,2.3,3.7,0,0.3,0,0.3,17.3,1,0,
19,445,13,6,28.8,13.7,4.7,10,46.7,1.5,3,50,2.8,3.3,85,0.7,2,2.7,3.2,0.8,1,0.8,2.8,26.3,0,0,
19,448,10,22,14.6,4,1.5,3.4,45.3,0,0.1,0,1,1.1,84,0.5,0.9,1.4,1.4,0.4,0.5,0.2,1.6,9.4,0,0,
19,450,13,4,2.9,1.3,0.5,1.5,33.3,0.3,0.8,33.3,0,0,0,0,1,1,0,0,0.3,0,0.5,3.2,0,0,
19,451,25,3,3.5,0.7,0.3,1.3,25,0,0.7,0,0,0.3,0,0,0,0,0,0,0,0,0.3,0.7,0,0,
19,453,3,5,26.3,14.6,5.4,12.4,43.5,1.8,4.8,37.5,2,2.8,71.4,0.8,1.8,2.6,1.6,1.6,0.4,0,2,19.7,0,0,
19,455,10,22,38.4,28.2,8.6,19.6,44.1,4.2,11.1,37.7,6.7,7.1,94.3,0.8,5.2,6,5.7,3,1.1,0.2,3.1,44.8,3,1,
19,456,17,11,14.7,4.1,1.4,3.5,39.5,0.6,1.9,33.3,0.7,1,72.7,0.4,2.4,2.7,1.7,0.7,0.5,0.3,1.5,11.7,0,0,
19,457,21,5,31.8,11.8,5.6,8.4,66.7,0,0.2,0,0.6,1.6,37.5,2.4,4.8,7.2,1.4,1.8,1,1,2.6,26.7,0,0,
19,459,23,9,8.3,2.7,1.3,3,44.4,0,0,0,0,0,0,0.1,0.6,0.7,1.2,0.1,0.2,0.1,0.4,6.2,0,0,
19,464,21,5,25.6,5,1.8,5,36,1.4,3.6,38.9,0,0,0,0.4,2,2.4,1.2,1,0.4,0,3.8,9.9,0,0,
19,466,22,5,29.2,13.2,4,10.8,37,2.4,7,34.3,2.8,3.4,82.4,0.2,3.4,3.6,1.4,2,1.2,0.4,2,22.4,0,0,
19,467,2,9,18,6.4,2.1,6.6,32.2,0.9,3.8,23.5,1.3,1.8,75,0.4,3.9,4.3,1.9,1.1,0.4,0.2,1.7,15.4,0,0,
19,468,29,4,10.5,1.3,0.5,3.5,14.3,0.3,2,12.5,0,0,0,0.3,1.8,2,0.5,0.3,0,0,0.8,4.2,0,0,
19,469,12,4,32.6,10.5,4.5,10.5,42.9,0.5,2,25,1,1.8,57.1,2.3,4.8,7,3.8,1.3,2.8,0.8,2.5,33.8,0,0,
19,470,3,3,7.3,3,1,2.7,37.5,1,2.3,42.9,0,0,0,0,1,1,1,0.3,0.7,0,0,7.4,0,0,
19,473,9,4,17.1,5.5,1.8,6.5,26.9,0,3,0,2,2.3,88.9,1,1.3,2.3,1,0.8,0,1,3.5,12,0,0,
19,474,17,11,3.6,1.9,0.7,1.2,61.5,0.3,0.5,50,0.2,0.2,100,0,0.8,0.8,0.9,0.3,0.1,0,0.5,4.3,0,0,
19,477,12,1,9.8,2,0,3,0,0,1,0,2,2,100,1,2,3,0,0,0,0,0,5.6,0,0,
19,478,23,12,36.9,15.5,5.9,13.9,42.5,1.8,5.3,34.9,1.8,2.2,84.6,1,8.2,9.2,4,1.7,1.1,0.5,2.5,35.6,3,0,
19,482,17,9,3.2,0.6,0.2,0.7,33.3,0.1,0.2,50,0,0,0,0.2,0.1,0.3,0,0.1,0.1,0.1,0.3,1.5,0,0,
19,483,8,14,23.6,6.6,2.4,4.9,47.8,1.2,2.6,47.2,0.6,1.1,56.3,1.5,3.6,5.1,0.9,0.4,0.5,0.4,2.7,16.2,0,0,
19,485,3,5,15.7,1.4,0.4,2,20,0,1.4,0,0.6,1.2,50,0.4,1.6,2,0.6,0.6,0.6,0.2,2,6.5,0,0,
19,489,8,3,2.7,0,0,1,0,0,0.3,0,0,0,0,0.3,0,0.3,0.7,0,0,0,0.3,1.4,0,0,
19,502,12,4,21,15.3,5.3,12,43.8,2.8,5,55,2,3.5,57.1,0,4.3,4.3,0.8,1.5,0.8,0.3,2,23,0,0,
19,503,13,2,5.5,2,0.5,2,25,0,0,0,1,1.5,66.7,0,0.5,0.5,1.5,0.5,0,0,1,4.4,0,0,
19,512,9,4,32.8,7.8,2.8,8.8,31.4,1.8,5.5,31.8,0.5,0.5,100,0.8,3,3.8,1.3,0.5,0.8,0,1,15.9,0,0,
19,515,22,5,12,4.8,1.2,3.6,33.3,0.6,1.8,33.3,1.8,1.8,100,0,1.4,1.4,0.8,0.4,0.6,0,0.8,9.1,0,0,
19,517,12,4,29.7,7,2.3,7.5,30,1.8,5.3,33.3,0.8,0.8,100,0,2.5,2.5,2,2,0.8,0.3,1.5,14,0,0,
19,518,8,14,23.4,9.1,3.4,9.6,34.8,1.1,3.9,27.3,1.3,1.9,69.2,1.1,3.7,4.8,1.7,1,0.3,0.6,1.4,19.2,1,0,
19,521,13,4,13.1,3.8,1.3,4,31.3,0.3,2.5,10,1,1,100,0,1.5,1.5,0.5,0.8,0.5,0,1.8,7.1,0,0,
19,525,25,16,17.2,6.8,2.6,5.1,50.6,0.4,1.3,33.3,1.3,1.6,80,1.1,2.6,3.6,0.9,1.3,0.4,1.3,3.4,16.5,0,0,
19,528,9,2,10.9,2.5,1,3,33.3,0,0,0,0.5,1,50,0.5,4,4.5,0,0.5,0,0,1.5,7.4,0,0,
19,529,23,2,2.8,0,0,0,0,0,0,0,0,0,0,0,0,0,0,0,0.5,0,0,1.5,0,0,
