SEASON_ID,PLAYER_ID,TEAM_ID ,GP,MIN,PTS,FGM,FGA,FG%,3PM,3PA,3P%,FTM,FTA,FT%,OREB,DREB,REB,AST,TOV,STL,BLK,PF,FP,DD2,TD3
19,1,22,78,33.8,16,6,13.4,44.9,1.6,4.4,34.9,2.4,3.2,73.1,1.7,5.7,7.4,3.7,2.1,0.7,0.7,2.2,32.6,19,0
19,2,12,50,12.9,5.9,2.1,5.2,40.1,0.9,2.5,33.9,0.8,1,82,0.1,1.2,1.3,1.7,0.8,0.4,0.3,1.4,11.3,0,0
19,3,21,61,11.4,4,1.5,3.5,42.3,0.5,1.6,32,0.4,0.6,75,0.2,1.7,1.9,0.3,0.4,0.3,0.2,1.1,7.9,0,0
19,4,2,68,29,13.6,5.7,10.6,53.5,1.1,3,36,1.1,1.4,82.1,1.8,5,6.7,4.2,1.5,0.9,1.3,1.9,32.8,10,1
19,5,3,81,28.3,9.4,3.2,7.3,43.3,1.2,3.5,34.3,1.9,2.1,86.7,1.4,6.1,7.5,1.3,0.9,0.8,0.4,1.8,23.2,12,0
19,6,26,5,5.1,3.6,1.6,2.6,61.5,0,0.2,0,0.4,0.8,50,0.8,3,3.8,0.6,0.2,0.2,0,0.4,9.5,0,0
19,7,21,64,21.5,8.8,3,7.4,40.5,1,2.6,36.3,1.8,2.2,82.3,0.5,3.2,3.7,2,1,0.6,0.3,1.4,18,1,0
19,8,14,31,19,5.3,1.8,5.1,35.7,1.3,4.1,32.3,0.4,0.4,92.3,0.2,1.4,1.5,0.6,0.5,0.5,0.2,1.7,9.9,0,0
19,9,1,25,21.2,9.2,3.1,6.9,44.5,1,2,48,2,2.6,79.7,0.8,1.9,2.7,3.1,1.7,1,0.4,2.2,19.3,3,0
19,10,1,77,20.1,11.1,4.2,8.4,49.4,1,2.6,36.3,1.8,2.8,64.8,2.1,3.5,5.5,1.1,1.3,0.4,0.9,2.6,21.9,9,0
19,11,25,21,14.5,5.1,1.9,3.9,49.4,0.4,1.1,39.1,0.9,1.4,62.1,1.4,2.2,3.6,0.8,0.6,0.2,0.5,2.2,12,0,0
19,12,10,72,13.9,4.7,1.9,3.8,48.7,0.6,1.6,35.6,0.4,0.7,56.3,1.1,2.3,3.4,0.4,0.4,0.3,0.2,1.9,10.4,1,0
19,13,12,14,4.6,0.9,0.3,1.1,25,0.1,0.1,50,0.3,0.6,50,0.3,1.1,1.4,0.1,0,0.1,0.2,0.5,3.5,0,0
19,14,3,43,26.4,9.6,3.2,8.7,36.7,2.3,6,37.8,1,1.3,73.2,0.4,3.1,3.4,1.1,1.1,0.5,0.3,2.4,16.8,1,0
19,15,20,64,22.8,10.9,3.6,8.1,44.8,0.8,2.1,39.4,2.8,3.5,80.3,0.5,2.6,3.1,1.9,1.8,0.4,0.2,1.8,17.5,2,0
19,16,22,12,5.7,2.3,0.8,1.3,62.5,0,0,0,0.6,0.7,87.5,0.5,1.3,1.8,0.3,0.1,0.3,0.3,0.7,6.1,0,0
19,17,23,51,10.4,3.9,1.5,3.1,50.3,0.2,0.8,30,0.6,0.8,75.6,0.9,2,2.9,1.2,0.9,0.3,0.3,1.9,10,0,0
19,18,9,79,33.5,17.3,7.1,13.3,53.3,0.1,0.5,13.2,3.1,5.2,59,5.4,10.2,15.6,1.4,2.2,1.7,1.7,3.4,46.4,69,0
19,19,10,68,23.2,5.7,2.2,4.4,50,0.7,2.1,33.3,0.6,1,58.2,0.7,3,3.7,3.2,0.8,0.9,0.8,1.4,19.1,0,0
19,20,14,4,3.7,0,0,1.5,0,0,0.8,0,0,0,0,0.3,0.3,0.5,0,0.3,0.3,0,0,1.1,0,0
19,21,10,11,12.2,3.5,1.6,3.3,50,0,0,0,0.3,0.3,100,1.1,3.9,5,1,0.7,0.3,0.7,2,13.3,0,0
19,22,19,17,10.9,3.2,0.9,3.1,30.2,0.3,1.5,20,1,1.1,94.4,0.4,0.8,1.2,1.4,0.7,0.2,0.1,2,7.1,0,0
19,23,18,73,34.8,18.1,6.8,16.6,41.2,1.6,4.8,33.9,2.8,4.1,69.9,1.1,3.7,4.8,2.5,1.9,1,0.7,2.1,30.6,3,0
19,24,25,20,7,3.8,1.4,3.2,44.4,0.5,1.5,34.5,0.5,0.8,56.3,0.2,0.5,0.7,0.7,0.6,0.1,0,0.5,5.1,0,0
19,25,13,2,7.4,1.5,0.5,2.5,20,0,0,0,0.5,1,50,1,1,2,0,0,0.5,0,1,5.4,0,0
19,26,6,59,18.3,7.8,3.1,5.6,55.3,0,0,0,1.6,2.2,70.5,1.8,3.6,5.4,0.9,1,0.2,0.4,1.9,16.4,4,0
19,27,19,56,33,25.9,9.5,18.3,51.7,0.9,2.6,33.1,6.1,7.7,79.4,3.1,8.9,12,3.9,2,1.6,2.4,2.4,56.1,37,0
19,28,18,65,16.6,5,1.5,4,38.2,1.2,3.3,37.7,0.7,0.9,78.3,0.2,2.5,2.7,0.7,0.6,0.3,0.3,1.4,10.5,0,0
19,29,5,57,14.5,7.3,2.9,6.9,41.9,0.6,1.6,39.6,0.9,1.3,65.8,0.1,1.7,1.9,0.7,0.6,0.2,0.2,0.7,11.2,0,0
19,30,2,51,16.1,5.6,2.1,4.4,47.1,0.4,1.2,34.4,1,1.2,85.5,1.7,3,4.7,1.1,0.8,0.2,0.7,2.5,14.8,3,0
19,31,11,76,26.7,8.1,3.1,7.5,40.6,1.4,4.3,31.8,0.7,1.3,52.6,0.3,1.8,2.1,2.2,0.9,0.6,0.3,2.7,15.9,0,0
19,32,15,63,30.2,9.9,3.9,9.7,40.8,1.4,3.9,35.1,0.7,0.8,86,0.7,2.1,2.8,2.4,1.4,0.7,0.3,2.7,18.2,0,0
19,33,16,7,7.1,3.3,1.3,2.6,50,0.4,1,42.9,0.3,0.3,100,0.3,0.9,1.1,0,0.3,0.3,0,0.6,5.2,0,0
19,34,26,82,23.3,8.9,3.4,5.9,57.6,0,0.2,20,2,2.8,73.5,2,5.3,7.3,2.2,1.5,0.9,0.8,2.5,24.5,11,0
19,35,23,19,8.3,3.9,1.3,3.4,39.1,0.9,2.2,41.5,0.4,0.6,66.7,0.2,0.7,0.9,0.2,0.3,0.3,0.2,1.2,6.5,0,0
19,36,20,79,34.2,16.9,6.8,12.2,56.3,0,0.1,0,3.3,5.4,60,2.2,6.6,8.8,7.7,3.5,1.4,0.8,2.6,42.2,42,10
19,37,4,4,15.9,6.5,2.8,6.8,40.7,0,2,0,1,1,100,0,0.8,0.8,1.8,0.5,0.3,0.3,0.8,11,0,0
19,38,26,54,14.5,4.4,1.6,2.9,57.1,0,0,0,1.1,1.7,63.7,1.5,3.1,4.6,0.6,0.6,0.2,0.8,1.9,13,3,0
19,39,9,75,35,24.5,8.3,17.9,46.2,2.5,7,36.2,5.5,7.3,75.3,1.3,6.2,7.5,5.4,3.4,0.7,0.4,2.7,41.5,21,2
19,40,12,58,11.7,7.3,2.8,4.5,61.5,0.1,0.2,40,1.7,2.3,74.8,1.5,3.1,4.6,0.9,1,0.3,0.5,1.6,15.4,6,0
19,41,23,50,26,14.2,5.6,12.6,44.4,1.5,3.8,39.3,1.5,1.9,79.4,2.2,5.9,8.1,1.4,1.5,0.7,0.4,2.9,27.9,14,0
19,42,30,70,27.8,14.1,5.2,12.3,41.8,1.9,5.3,36,1.9,2.3,82.7,0.6,2.9,3.5,3.8,1.7,1,0.2,2,26.1,1,0
19,43,26,81,31.8,18,6.4,13,49.7,2,4.8,42.5,3,3.8,80.7,0.4,3.7,4.1,2,1.7,0.9,0,1.7,26.8,0,0
19,44,17,8,12.3,4.9,1.6,4.9,33.3,0.6,2.6,23.8,1,1.1,88.9,1,2.8,3.8,0.4,0.4,0.6,0.1,0.4,11.8,2,0
19,45,2,36,9.5,3.9,1.4,2.9,47.6,0.4,1.1,41,0.7,0.8,85.7,0.1,1.1,1.1,1.6,0.5,0.3,0.1,0.9,8.2,0,0
19,46,30,82,36.9,25.6,9.3,19.6,47.5,2.5,7.3,35.1,4.4,5.5,80.8,1.1,3.9,5,5.5,2.7,1.5,0.7,2.8,43.6,11,2
19,47,8,16,3.6,1.4,0.4,1.4,26.1,0.1,0.4,33.3,0.6,0.7,81.8,0.1,0.1,0.2,0.9,0.2,0,0,0.4,2.8,0,0
19,48,14,52,33.9,18.3,7,14,49.7,0.6,1.8,33,3.8,5.6,67.5,0.8,4.3,5.1,3,2.5,0.5,0.6,2.9,29.8,2,0
19,49,6,39,18.9,6.8,2.5,6.7,38.1,1.1,3.3,31.8,0.7,0.9,79.4,0.3,1.3,1.5,1.8,0.8,0.5,0.1,1.6,12.4,0,0
19,50,5,14,15.3,5.1,2,4.3,46.7,0.8,2.1,37.9,0.3,0.4,66.7,0.2,0.9,1.1,0.7,0.9,0.6,0.2,1.4,9,0,0
19,51,17,81,28.7,12.5,4.4,9.7,45.2,2.3,6.3,36.5,1.4,1.6,84.2,0.4,4.5,4.9,1.2,1,0.6,2.2,2.3,27.6,2,0
19,52,9,74,19.6,4.3,1.7,4.2,39.8,0.3,1.3,25.8,0.6,0.8,75,0.6,1.9,2.5,1.2,0.6,0.5,0.5,2.4,11.6,0,0
19,53,15,34,23.5,8.3,2.8,6.6,42.7,1.4,3.8,36.9,1.2,1.5,84,1.2,3.4,4.6,1.5,1.1,0.4,1,2.4,19.1,3,0
19,54,27,82,28,11.8,4.4,9.6,45.6,2.1,5,42.6,0.8,1,88.5,0.2,2.7,2.9,2.1,1,0.5,0,1.9,19.3,1,0
19,55,26,82,31.9,20.7,7.6,16.6,45.8,3.4,7.9,42.7,2.1,2.4,88.6,1.3,3.7,5,2.5,1.8,0.7,0.4,2.5,32,3,0
19,56,18,15,8.5,2.6,1.1,2.3,48.6,0.3,1.1,31.3,0,0.1,0,0.1,0.5,0.5,0.8,0.3,0.4,0,1.1,5.3,0,0
19,57,26,70,33.9,21,8.2,17.8,45.9,2.4,6.4,37.5,2.3,2.7,82.8,0.9,3.1,4,3,1.5,0.8,0.4,2.5,32.3,1,1
19,58,6,53,16.2,6.4,2.1,5.9,36,1.3,3.8,33,0.9,1.1,82.8,0.2,1.5,1.8,0.7,0.6,0.5,0.3,1.5,11.3,0,0
19,59,18,21,8.5,2,0.9,2.5,34,0,0.3,14.3,0.3,0.4,66.7,0.8,2.2,3,0.5,0.9,0.3,0,1.3,6.6,1,0
19,60,3,40,17.8,6.3,2.4,5.6,43,0.6,2.1,29.8,0.8,1,80.5,0.3,1.5,1.8,2.7,1.1,0.7,0.2,1.6,14,0,0
19,61,11,19,13.7,5,1.7,4.1,42.3,1.1,2.7,41.2,0.4,0.5,88.9,0.2,1.4,1.6,0.7,0.3,0.3,0.1,1.4,9,0,0
19,62,6,40,26.6,13.7,5.2,12.1,42.9,1.2,3.9,31.2,2.1,3.1,69.1,0.9,2.9,3.8,3.9,1.7,1.1,0.4,1.9,26.5,0,0
19,63,5,10,29.4,13.4,4.9,12.1,40.5,2.1,6.4,32.8,1.5,2.2,68.2,0.9,4.5,5.4,0.5,0.8,0.4,0.7,3.2,23.1,0,0
19,64,15,76,32.2,13,4.7,11.1,42.7,1.7,4.9,34.8,1.9,2.4,77.9,0.6,4.1,4.7,2.6,1.5,0.8,0.1,2.6,23.8,3,0
19,65,6,44,20.3,5.2,2.2,4.8,45.9,0.3,1.1,28,0.5,0.9,60.5,0.7,3.5,4.2,0.8,0.6,0.5,0.1,1.3,12.8,1,0
19,66,30,25,19.8,7.5,2.7,7.3,37.4,1.2,3.8,30.9,0.9,1,88,0.2,2.6,2.8,1.7,1.3,0.8,0.2,1.8,15,0,0
19,67,19,36,9.5,3.6,1.2,3.3,36.8,0.9,2.2,40.5,0.3,0.4,78.6,0.1,1.3,1.4,0.6,0.4,0.2,0.1,1.2,6.7,0,0
19,68,27,49,15.2,5.5,1.9,4.4,41.9,0.9,2.3,40,0.9,1.3,69.4,0.2,0.9,1.1,2,0.9,0.5,0.1,1.9,10.7,0,0
19,69,28,64,14,6,2.6,4.2,62,0,0.1,25,0.8,1,74.6,1.2,4,5.2,0.5,0.8,0.5,0.5,1.8,15.2,10,0
19,70,11,29,5,1.8,0.7,2,32.8,0,0.1,0,0.4,0.6,76.5,0.3,0.9,1.2,0.4,0.5,0.2,0.1,0.5,4.2,0,0
19,71,11,28,5.8,3.3,1.2,2.7,44.7,0.4,1.3,32.4,0.5,0.5,86.7,0.6,1.4,2,0.1,0.3,0.2,0.9,1.1,8.8,1,0
19,72,19,7,4.6,0.9,0.3,1.1,25,0.3,0.7,40,0,0,0,0.1,0.4,0.6,0.6,0.1,0.1,0.1,0.3,3.1,0,0
19,73,25,58,32,15.6,5.2,12.4,41.9,2.2,6.1,35.8,3,3.5,86.2,0.6,3.9,4.6,8.2,2.6,2,0.3,2.5,37.5,18,1
19,74,15,21,11.9,8.2,2.9,5.6,52.1,0.4,1.2,34.6,2,2.7,73.2,0.8,3.1,4,0.4,0.8,0.3,0.5,0.8,15.1,2,0
19,75,11,67,33.6,16.6,7.1,10.9,64.8,0,0,0,2.5,3.9,63.6,4.4,8.2,12.7,1.4,1.4,0.7,1.5,2.5,39.1,45,0
19,76,4,49,25.4,10.1,3.9,7,55.1,0.1,0.4,27.3,2.3,2.9,78.7,2.2,4.6,6.8,2.1,1.3,0.8,0.8,3.3,25,4,0
19,77,6,82,31.8,16.7,6.3,14.7,43,1.5,3.6,40.2,2.6,3.1,83.9,0.7,2.2,2.9,3,2.3,0.5,0.1,2.3,24.2,2,0
19,78,26,31,15.9,4.9,1.7,4,43.1,0.5,1.4,31.8,1,1.4,72.1,0.8,1.6,2.5,1.3,0.6,1,0.2,2,12.9,0,0
19,79,12,82,25.2,6.5,2.8,6.7,41.2,0.7,2.1,32.2,0.4,0.5,69.8,0.5,2.9,3.4,3.9,1,1.1,0.3,1.6,19.8,1,0
19,80,7,34,12.6,4,1.6,3.8,41.1,0.5,1.6,29.1,0.4,0.6,66.7,0.3,1.3,1.6,1.1,0.4,0.6,0.1,0.9,9.2,0,0
19,81,5,60,12.4,4,1.6,3,53.1,0,0.1,0,0.8,1.2,68.5,1.3,2.3,3.6,0.6,0.6,0.2,0.1,1.2,9.6,0,0
19,82,22,81,30.2,21.1,8.1,18.7,43.4,2.9,7.8,36.9,2,2.5,78,0.7,3.2,3.9,7,3.1,1.2,0.2,1.7,37.5,14,0
19,83,17,81,28,11.7,3.9,8.4,47,1.6,3.8,42.1,2.2,2.6,86.6,0.5,2,2.5,5.3,1.6,0.6,0,1.4,23.1,4,0
19,84,19,48,18.4,5.8,2.2,5.2,41.4,1,2.6,36.2,0.5,1,55.3,0.9,3.7,4.6,1.1,0.7,0.4,0.4,1.8,14.7,2,0
19,85,10,1,6.7,2,1,2,50,0,0,0,0,0,0,0,0,0,0,1,1,0,0,4,0,0
19,86,25,12,13.9,2.8,1,3.9,25.5,0.8,2.8,29.4,0,0,0,0.2,0.6,0.8,0.8,0.2,0.1,0,0.6,5.1,0,0
19,87,10,24,17.1,5.4,2.2,3.1,71.6,0,0,0,1,1.5,64.9,1.3,1.8,3.1,1.2,0.7,0.5,1,2.6,14.9,0,0
19,88,20,80,35.5,25.8,8.5,19.2,44.4,3,8,36.9,5.9,6.4,91.2,0.9,3.8,4.6,6.9,2.7,1.1,0.4,1.9,43.7,13,0
19,89,3,32,11.7,4.9,1.8,4,44.1,0.8,2.1,39.7,0.6,0.7,86.4,0.3,1.8,2,0.4,0.3,0.4,0,0.9,8.8,0,0
19,90,1,73,27.4,10.7,4,9.6,41.5,1.7,4.7,36.8,1,1.3,74.5,0.5,3.1,3.6,1.8,1,0.8,0.1,1.8,19.6,1,0
19,91,2,19,10.7,3,1.2,3.2,38.3,0.4,1.2,34.8,0.2,0.3,50,0.5,1.9,2.5,1.2,0.8,0.3,0.1,1,8,0,0
19,92,13,66,13.8,5.7,2.2,4,54.9,0.4,1,38.8,0.8,1.2,73.7,1.3,2.1,3.4,1,0.5,0.3,0.6,2.4,13.7,1,0
19,93,28,68,30.3,19.8,6,13,46.3,2.4,5.5,43.3,5.4,6,90.4,0.8,5.3,6.1,2.6,1.5,0.7,0.3,1.9,32.8,7,0
19,94,27,80,27.7,10.3,3.7,7.9,46.5,2.5,5.4,45.5,0.5,0.6,84.1,0.8,3.2,4,1.6,0.9,0.9,0.7,2.1,21.2,1,0
19,95,29,64,14.5,3,1.2,2.5,47.5,0.5,1,46.2,0.2,0.3,77.8,0.8,2.2,2.9,0.8,0.3,0.4,0.2,1.1,9.3,0,0
19,96,11,42,15.8,6.9,2.4,5.7,41.9,0.4,1.5,29,1.6,2,79.1,0.4,1.2,1.6,2.6,1.2,0.3,0.1,1.6,12.8,1,0
19,97,18,39,25.1,9.4,3,6.5,46.8,1.9,4.6,41.6,1.4,1.8,78.9,0.6,2.9,3.6,1,0.9,0.5,0.3,2.1,16.8,0,0
19,98,19,81,25,10.6,3.8,8.6,43.7,1.5,4,36.5,1.6,1.9,88,1.6,4.1,5.6,1.6,1.2,0.6,0.1,2.2,20.5,3,0
19,99,12,69,25.5,8.2,2.7,7,39,1.9,5.3,36.5,0.8,1,78.9,0.2,1.7,1.9,2.1,0.9,0.6,0.3,2.4,15.5,0,0
19,100,7,76,28.2,11.2,4.1,8.7,46.7,1,2.6,40.7,2.1,2.5,83.2,0.5,2.6,3.1,6,1.6,1.4,0.1,1.8,27,6,0
19,101,6,8,11.2,3.6,1.3,3.4,37,0.6,1.4,45.5,0.5,0.9,57.1,0.3,1.3,1.5,0.9,0.8,0.1,0,1,6.4,0,0
19,102,27,51,19.3,6.5,2.5,5.1,48.1,0.5,1.5,32,1.1,1.7,68.2,0.8,2.4,3.2,1.1,0.6,0.7,0.3,2.1,14.5,0,0
19,103,12,76,21.5,8,2.7,6,45,1.9,4.4,42.9,0.7,0.8,88.3,0.3,3.2,3.5,1.3,0.6,0.5,0.4,1.8,16.2,0,0
19,104,26,10,4.7,1.2,0.5,1.2,41.7,0.2,0.4,50,0,0,0,0.2,0.4,0.6,0.3,0.1,0.1,0,0.3,2.6,0,0
19,105,24,81,31.4,17.3,6.2,13.6,45.8,1.1,2.9,37.1,3.7,5.1,72.7,0.5,3.2,3.8,7.3,2.8,1.6,0.6,2.5,36.5,16,1
19,106,1,50,19.7,5,2,5.1,39.1,0.6,1.9,30.5,0.4,0.6,75,0.5,2.2,2.7,3.2,1.5,1.4,0.5,2.3,16.9,0,0
19,107,20,69,29.7,11,4.1,6.5,64.1,0,0,0,2.7,3.8,70.5,3.3,9.8,13.1,2.3,2.2,0.6,1.1,2.4,32.8,42,0
19,108,24,82,23.6,8.4,3.4,7.5,44.6,0.6,2.1,28.9,1.1,1.7,64,0.7,3.7,4.4,2.5,1.7,1.3,0.5,2.3,20.9,3,0
19,109,15,77,34.9,21.2,8.2,17.1,48.1,0.1,0.6,15.6,4.8,5.7,83,0.7,5.3,6,6.2,2.6,1.1,0.5,2.3,39.9,12,1
19,110,27,30,25.7,16.3,5.9,12.4,48,0.9,3.2,27.4,3.5,4.8,73.6,1.4,6.8,8.2,3.6,2.4,1.3,1.5,3.6,37.5,10,0
19,111,10,67,25.4,11.1,3.4,8.6,39.5,1.6,4.6,34.2,2.7,3.6,76,1,4.2,5.2,1.3,1.1,0.5,0.1,1.7,20,3,0
19,112,3,7,3.1,1,0.4,1.4,30,0,0.6,0,0.1,0.3,50,0.1,0.4,0.6,0.9,0.3,0.3,0,0.6,3.5,0,0
19,113,23,71,30.7,16.3,7.2,12.3,58.5,0,0.1,0,2,2.7,74.6,3.1,7.1,10.3,1.8,1.8,0.9,0.9,2.9,34.9,39,0
19,114,6,75,22.6,8.7,3.2,7.4,43.4,0.7,2.2,29.8,1.6,2,79.3,0.9,2.6,3.5,3.3,1,1.2,0.4,1.4,21.6,4,3
19,115,21,6,6.6,3.7,1.3,2.5,53.3,0.3,1,33.3,0.7,0.7,100,0.3,0.2,0.5,0.8,0.2,0.3,0,0.7,6.4,0,0
19,116,20,19,10.2,1.7,0.6,1.9,30.6,0.3,1.2,26.1,0.2,0.2,100,0.2,0.8,1,0.3,0.3,0.1,0.2,0.7,3.8,0,0
19,117,21,79,29.3,15.5,5.8,14,41.4,1.6,4.6,34.1,2.4,2.9,81.9,0.5,3.1,3.6,4.1,2.2,0.8,0.2,2.4,26.7,3,0
19,118,29,53,28.5,13.6,5.2,12.3,42.8,1.3,3.9,32.2,1.9,2.9,63.5,0.6,2.3,2.9,4.8,2.9,1.3,0.4,2.4,26.3,2,1
19,119,16,32,7.5,2.6,1,2.6,40.2,0.3,0.8,29.6,0.3,0.4,66.7,0.1,0.8,0.9,0.3,0.3,0.2,0.3,1,5.1,0,0
19,120,18,76,23.2,11.8,4.8,8.1,58.6,0.2,1,21.8,2,3,67.5,2.7,4.6,7.4,1.2,1.1,0.7,1.4,2.1,27.7,15,0
19,121,27,60,19.2,7,2.7,5.4,49.4,0.5,1.5,30.8,1.2,2,60.7,1.6,2.4,4,0.6,0.7,0.8,0.7,2.1,16.4,0,0
19,122,8,51,27.3,18,7.1,14.8,48.2,1.1,2.9,37,2.7,3.1,85.6,0.6,2.1,2.7,4.3,1.6,0.6,0.2,1.1,28.7,1,0
19,123,24,67,25.8,9.9,3.9,8.1,47.9,0.7,2.1,33.8,1.4,1.8,77.2,0.5,3.2,3.7,3.9,1.4,1,0.7,2.2,23.9,0,0
19,124,7,64,35,26.6,9.2,19.6,46.7,2.1,6.5,32.6,6.1,7.1,86.6,0.6,3.5,4.1,6.8,4.1,0.9,0.2,3.1,40.8,12,0
19,125,30,68,15.7,6.3,1.9,5.1,38,0.9,2.9,31,1.5,2,76.1,0.2,1.5,1.6,1.8,0.8,0.5,0.2,2,12.4,0,0
19,126,4,7,13.5,6.7,2.7,4.6,59.4,0,0.3,0,1.3,2,64.3,0.9,2,2.9,0.9,0.3,0.6,0.9,1.6,15.4,0,0
19,127,1,46,14.7,4.7,1.6,4.7,34.3,0.7,2.6,28.1,0.8,1,76.1,0.2,1.2,1.4,2.6,0.7,0.5,0,1,11.3,0,0
19,128,1,64,25.1,10.8,4,8.2,49.2,1.3,3.4,38.2,1.4,1.8,81.4,1.6,5.9,7.5,1.4,1.3,1.1,1.1,3.3,27.2,11,0
19,129,15,9,13.2,4,1.7,2.4,68.2,0,0.1,0,0.7,1.1,60,1.1,2.9,4,0.6,0.3,0.3,0.6,1.3,12,0,0
19,130,16,18,18.3,7.5,2.7,6.8,40.2,0.8,2.2,37.5,1.2,1.7,73.3,0.5,1.2,1.7,0.9,1.1,0.6,0.2,2.8,12.2,0,0
19,131,7,44,25.9,12,4.5,10.9,41.4,2.5,6.6,37.7,0.5,1,50,0.2,2.5,2.6,2.8,1.5,0.7,0.2,1.6,20.4,0,0
19,132,15,51,15.6,7.3,2.6,7.4,35.9,1.3,4,31.2,0.8,1,78,0.1,3,3.1,0.7,0.4,0.2,0.4,1.5,13.3,1,0
19,133,12,74,24.8,14.1,5.6,9.5,59,0.1,0.2,52.9,2.8,3.9,71.5,2.5,6.8,9.3,2.9,2.2,0.6,0.4,3.2,30.6,30,0
19,134,27,3,4.3,2,1,2,50,0,0,0,0,0.7,0,0.7,0.3,1,0.3,1,0,0.3,2,3.7,0,0
19,135,29,77,33.7,23.8,8.6,19.9,43.2,2.4,6.7,36.2,4.1,5.1,80.6,0.8,3.3,4.1,4.2,2.8,1.4,0.4,2.7,37.5,1,0
19,136,17,27,15.2,4.9,1.9,4.6,40.3,0.8,3.1,26.5,0.3,0.4,75,0.6,1.8,2.4,1.1,0.7,0.5,0.2,1.4,10.9,0,0
19,137,21,3,0.8,0,0,0.7,0,0,0.7,0,0,0,0,0,0,0,0,0,0,0,0,0,0,0
19,138,7,81,24.5,7.5,2.8,6.5,43.2,1,3.1,31.1,0.9,1.3,70.9,1.7,3.1,4.8,1.2,0.9,0.9,0.4,2.3,18,3,0
19,139,12,77,17.4,7.3,2.7,5.5,49.1,1.1,2.7,40.8,0.9,1,83.5,0.2,1.2,1.4,0.9,0.5,0.2,0.1,1.4,10.8,0,0
19,140,24,46,18,5,1.9,4.3,44.7,0.5,2.2,21.8,0.7,1.2,59.3,0.7,3.2,4,1.2,0.8,0.4,0.5,2,13.4,5,0
19,141,10,66,31.3,7.4,2.8,6.4,44.5,0.7,2.5,28.5,1,1.4,69.2,0.9,6.4,7.3,6.9,2.6,1.4,1.1,3,31.4,8,0
19,142,27,23,4.9,1.8,0.7,1.1,57.7,0,0,0,0.5,0.6,84.6,0.3,1.2,1.5,0.3,0.3,0.1,0.2,0.5,4.6,0,0
19,143,16,15,10.7,3.3,1.2,3.1,39.1,0.7,2.3,28.6,0.3,0.4,66.7,0.1,1.1,1.3,0.3,0.3,0.3,0,0.7,6.1,0,0
19,144,15,2,13,4,1.5,6,25,0,2.5,0,1,1,100,0,0.5,0.5,2.5,0.5,0.5,0,0.5,9.4,0,0
19,145,4,43,17.6,7.3,2.8,6,47.5,0.9,2,43.7,0.8,1.1,73.9,0.2,1.9,2.1,1.1,0.4,0.3,0.1,1.7,12.2,0,0
19,146,30,9,25.5,12.8,4.8,7.7,62.3,0,0,0,3.2,5.3,60.4,2.7,6.6,9.2,0.4,1.8,0.8,0.4,3.8,26.4,3,0
19,147,7,77,21.6,10.6,3.8,6.3,59.7,0.5,1.6,30.7,2.5,3.3,77.2,1.8,3.5,5.3,1.5,0.9,0.6,0.6,2.6,22,6,0
19,148,16,72,26.2,15,5.8,13.3,43.3,1.2,3.6,33,2.3,3.2,70.8,1,3,4,4.2,2.3,0.8,0.5,1.6,27.8,4,1
19,149,3,9,4.4,2.1,1,2.4,40.9,0.1,1.1,10,0,0.2,0,0.1,0.4,0.6,0.2,0.4,0.2,0,0.1,3.3,0,0
19,150,3,53,27.6,11.9,4.8,10,48.1,1.4,3.3,43.2,0.8,1.1,76.3,0.7,1.7,2.4,1.9,1.1,0.8,0.2,2.1,19.3,0,0
19,151,12,81,17.9,5.8,2.3,3.7,61.6,0,0,0,1.2,2,61.7,2.7,5.9,8.6,0.8,0.8,0.4,0.4,2.8,19,6,0
19,152,29,23,9.1,2.9,1,2.8,34.4,0.3,1.2,25.9,0.7,1,62.5,0.4,0.7,1,0.4,0.4,0.5,0.2,1.1,6.6,0,0
19,153,19,51,6.3,2.3,1,1.4,69.4,0,0,0,0.4,0.6,63.3,0.5,1.2,1.8,0.5,0.3,0.2,0.6,0.7,7.4,1,0
19,154,24,42,29.8,10.6,4.3,9.8,43.4,0.8,2.5,31.4,1.3,1.8,74.3,1.2,4.1,5.2,7.6,2.7,1,0.4,1.9,30,10,6
19,155,16,53,18.1,5.7,2.2,5.5,39.3,0.7,2.5,29.5,0.7,0.9,78.7,0.2,1.6,1.8,2.4,1.3,0.6,0.1,2.1,12.5,0,0
19,156,20,3,7.6,3.3,1.3,2.3,57.1,0,0,0,0.7,1.3,50,1,1.3,2.3,0.7,0.7,1,0,1.3,9.5,0,0
19,157,25,59,27.2,14.8,5.6,12.5,44.6,1.2,3.6,32.9,2.4,3.2,77.4,0.6,2.8,3.3,3.9,2.4,0.7,0.3,1.7,25.4,1,0
19,158,17,67,24.5,13.7,5.6,10.2,54.9,0.1,0.5,29.4,2.3,2.9,78.7,3.8,6,9.8,1.7,1.8,0.5,0.4,2.5,28.9,32,0
19,159,11,78,29.1,15.9,6,12.4,48.4,1.6,4.8,32.9,2.3,3,75,1.1,3.6,4.6,5.5,2.1,1.5,0.4,2,33.2,8,1
19,160,28,68,31.7,16.2,5.6,13.8,40.9,3.2,8.8,36,1.8,2.2,78.3,0.3,1.9,2.2,1.9,1.3,0.6,0.4,2.1,23.4,0,0
19,161,17,5,8.6,1.4,0.6,1.4,42.9,0.2,0.2,100,0,0,0,0.8,3.2,4,0.8,1,0.2,0.2,1.8,7.6,0,0
19,162,19,67,18.4,6.8,2.5,5.7,43.8,0.9,2.4,36.3,0.9,1.1,82.4,1.4,3.1,4.5,0.8,0.7,0.5,0.3,2.6,14.9,3,0
19,163,22,81,31.5,15.1,5.8,13.2,43.8,1.9,5.6,34,1.7,2.1,80.6,0.5,2.7,3.2,3.6,1.9,0.9,0.1,2.8,25.6,1,0
19,164,25,73,22,6.8,2.8,6.1,46,0.2,0.7,21.2,1,1.5,70.8,0.5,4,4.5,3.9,1.6,0.5,0.2,1.5,18.5,3,2
19,165,19,61,19.2,8.1,3.2,7.3,43.4,0.9,2.8,31.4,0.9,1.2,74,0.4,1.8,2.2,1.1,0.8,0.4,0,1.5,13,0,0
19,166,4,47,16.1,8.6,2.9,6.3,46.3,1.1,3,36,1.7,2.3,73.8,0.8,2.6,3.5,1.3,0.9,0.3,0.3,1.4,15.4,2,0
19,167,26,38,11.5,5.1,1.9,4.4,42,0.4,1.7,21.9,1,1.5,68.4,0.2,1,1.1,2.2,0.9,0.4,0.1,0.9,10.4,0,0
19,168,20,43,21,5.7,2.2,6.6,33.7,0.8,2.7,28.7,0.5,0.7,76.7,0.3,1.7,2,2.8,1.3,0.7,0.3,2.4,14.1,0,0
19,169,28,64,27.5,11,3.8,9.4,41,1.8,4.6,37.8,1.5,1.8,84.3,0.3,2.3,2.6,4.8,1.3,0.9,0.3,1.7,23.6,1,0
19,170,23,48,14.2,5.8,2,5.1,40,1,3,32.6,0.8,0.9,81.8,0.3,1.9,2.2,1.1,0.5,0.6,0,1.3,11.5,0,0
19,171,13,75,27.2,7.8,2.8,6.6,42.2,1.2,3.5,34.1,1.1,1.4,74.8,0.4,2.5,2.9,1.4,0.9,1,0.4,2.7,16.7,0,0
19,172,11,51,12.6,2.9,1,3,33.1,0.8,2.7,29.7,0.1,0.1,100,0.5,1.8,2.3,0.4,0.1,0.4,0.5,0.9,8.7,0,0
19,173,8,57,28.8,12.9,4.7,11.2,42.4,1.4,4.2,33.9,2,2.5,79.9,0.7,2.1,2.8,2.2,1.2,1,0.3,2,22.3,0,0
19,174,30,3,5.3,3.7,1.7,2.7,62.5,0.3,0.7,50,0,0,0,0.3,0.3,0.7,1.3,0.3,1,0.3,0.7,10.1,0,0
19,175,25,15,7.4,2.7,1.1,3.3,32,0.3,1.4,23.8,0.2,0.5,42.9,0.1,0.7,0.7,0.3,0.3,0.1,0.1,0.3,4.4,0,0
19,176,17,60,21.7,7.6,2.8,6.3,45.2,0.8,2.6,31.4,1.2,1.4,82.4,0.7,1.8,2.5,2.3,0.9,0.9,0.1,1.7,16.1,0,0
19,177,24,1,5.9,0,0,0,0,0,0,0,0,0,0,0,1,1,0,0,0,0,0,1.2,0,0
19,178,29,59,8.8,4,1.5,3.1,47.5,0.7,1.8,41,0.3,0.4,83.3,0.2,1.3,1.5,0.6,0.4,0.2,0.1,1,7.1,0,0
19,179,11,73,20.2,9.2,3.2,7.9,40,2.1,6,35.4,0.8,0.9,83.8,0.4,2.1,2.5,0.5,0.8,0.5,0.4,1.7,14.8,0,0
19,180,17,72,32.8,27.7,10,17.3,57.8,0.7,2.8,25.6,6.9,9.5,72.9,2.2,10.3,12.5,5.9,3.7,1.3,1.5,3.2,56.2,54,5
19,181,9,47,13,4.2,1.6,3.7,42,0.4,1.3,29,0.7,0.9,80,0.4,1.1,1.5,0.4,0.4,0.3,0.2,1,7.7,0,0
19,182,16,36,27.5,13.7,5,12,41.3,1.6,4.6,34.8,2.2,2.8,78.2,0.6,2.5,3.1,4.8,2,0.8,0.1,2.3,25.6,4,1
19,183,2,72,25.9,11.5,4.1,8.8,46.6,1.1,3.2,33.3,2.2,2.6,83.4,0.7,3.8,4.5,3.4,1.5,0.9,0.3,1.4,24,2,0
19,184,18,76,13.6,6.4,2.5,5,50.1,0.3,0.7,33.9,1.2,1.4,83,1.1,3,4.1,0.9,0.8,0.6,0.5,1.8,15.5,2,0
19,185,29,38,11,5.6,1.8,4.7,37.6,0.8,2.6,32.3,1.2,1.6,75,0.1,0.5,0.6,0.7,0.9,0.2,0.2,1.2,7.3,0,0
19,186,23,43,11.2,5.3,2.1,4.4,48.7,0,0.1,20,1,1.7,62.5,1.6,2.4,4,0.6,0.7,0.3,0.2,1.5,11.8,0,0
19,187,2,41,6.1,2.3,0.9,1.9,45.5,0.2,0.7,32.1,0.4,0.5,68.2,0.6,0.7,1.3,0.4,0.4,0.2,0.2,0.8,5.1,0,0
19,188,21,51,10.3,3.7,1.5,3.2,45.5,0.1,0.5,16.7,0.7,1.2,61,0.7,1.2,1.9,0.3,0.5,0.4,0.2,1.5,7.9,0,0
19,189,26,77,32.9,16.4,5.6,13.3,42,2.3,5.7,39.5,3,3.6,82.4,0.7,3.9,4.7,1.5,1.3,0.6,0.2,1.6,25.5,4,0
19,190,26,58,14.1,7,3,6,50.3,0,0.1,0,1,1.6,63.7,1.1,2.7,3.8,1.5,1.3,0.5,0.4,2.6,15.3,0,0
19,191,16,72,23.3,12.3,5.4,9.4,57.1,0,0.2,12.5,1.5,3.4,44.9,3.6,7.8,11.3,0.8,1.3,0.6,1.9,2.7,33.3,36,0
19,192,23,5,8,1.8,0.8,2,40,0.2,1,20,0,0.4,0,0,1,1,0.4,0.2,0.2,0,0.2,4,0,0
19,193,20,19,13.6,6,2.1,5,41.1,0.9,2,44.7,1,1.3,76,0.3,3.2,3.5,0.8,0.5,0.4,0.1,1.4,12.4,0,0
19,194,19,60,16.2,6.7,2.5,6.4,39.4,1.1,3.4,32.7,0.6,0.6,89.2,0.2,1.3,1.5,1.6,1,0.4,0.1,1.6,11.3,0,0
19,195,30,34,14.6,4.1,1.4,3.1,45.2,0.1,0.5,18.8,1.2,1.8,68.9,1.4,2.4,3.8,0.7,0.6,0.7,0.5,2.5,12.7,1,0
19,196,12,3,2.1,0,0,1,0,0,0,0,0,0,0,0.3,0.7,1,0.3,0.3,0,0.3,0,2.4,0,0
19,197,11,62,23.9,7.5,2.7,7.2,37.4,1.5,4.4,34.8,0.6,0.7,80,0.4,2.5,3,1.8,0.8,1,0.4,2,17,0,0
19,198,14,22,5.5,0.9,0.2,1.5,15.2,0,0.4,0,0.4,0.7,60,0.4,0.7,1.1,0.7,0.3,0.4,0.2,0.4,4.8,0,0
19,199,1,5,11.3,3,1.2,4.2,28.6,0.6,2.2,27.3,0,0,0,0.8,1.4,2.2,0,0,0.2,0,1.4,6.2,0,0
19,200,22,39,14.3,3.5,1.4,3.5,39.9,0.3,0.9,32.4,0.4,0.7,57.7,0.1,1.8,1.9,2.2,0.8,0.3,0.1,1.7,9.3,0,0
19,201,17,30,20.9,6,2.1,5.5,39,1.1,3.2,35.4,0.6,0.8,79.2,0.2,1.7,1.9,2.8,1.2,0.5,0.1,1.7,13,0,0
19,202,11,28,7.9,1.9,0.7,1.5,48.8,0.1,0.2,33.3,0.4,0.5,78.6,0.8,0.9,1.7,0.5,0.5,0.3,0.4,2,6.3,0,0
19,203,20,3,10.8,4,1.3,2.7,50,0,0,0,1.3,1.7,80,0.7,1.7,2.3,0.7,0.3,0.3,1,1.7,11.5,0,0
19,204,8,12,15.1,8.1,2.8,8.3,34.3,1,3.6,27.9,1.4,2.3,63,0.4,0.7,1.1,1.9,1.5,0.4,0.1,1.4,12.3,0,0
19,205,9,56,22.3,8.9,3.7,8.7,41.9,0.8,2.4,32.6,0.8,1.1,75.8,0.4,2.2,2.6,3.6,1.1,0.5,0.2,1.9,18.5,0,0
19,206,15,49,14.7,5.8,2.4,4.3,54.7,0.1,0.3,20,1,1.4,71,1.4,2.8,4.2,1.1,0.7,0.3,0.3,1.8,13.7,4,0
19,207,13,59,17.6,8.9,3.6,6.4,55.9,0,0,0,1.7,2.1,80.2,1.9,4.2,6.1,1.1,1.2,0.2,0.9,2.3,20,8,0
19,208,7,38,19.8,10.9,4.2,10.1,41.8,1,3.4,29.7,1.4,2.1,70.5,0.3,2.2,2.5,5.6,1.9,0.6,0,1.3,22.2,3,0
19,209,4,2,8.4,3,1.5,4.5,33.3,0,2,0,0,0,0,0,1.5,1.5,1,0,0,0,0,6.3,0,0
19,210,30,76,31.3,18.1,5.9,13.5,44,3.2,8,39.7,3,3.4,89.4,0.3,2.2,2.4,2.7,1.3,0.4,0.2,1.7,25.7,1,0
19,211,10,11,20.2,6.7,2.5,7.2,34.2,1.1,3.5,30.8,0.7,0.9,80,0,1.6,1.6,1.9,1,1,0.3,1.7,14.4,0,0
19,212,29,4,31.8,20,7.3,13.5,53.7,1.3,3.5,35.7,4.3,5.3,81,1.3,6.8,8,1,1,1,0.8,2,35.4,0,0
19,213,19,65,21.1,9.4,3.5,7.3,48.3,1.1,2.7,40.3,1.2,1.6,79.2,1.6,4.7,6.3,0.8,1.3,0.7,0.5,3,20.4,6,0
19,214,5,75,22.3,12,5.3,8.5,62.4,0,0.2,8.3,1.3,2,63.2,2.6,4.9,7.5,0.7,1.4,0.6,2,2.8,28.4,14,0
19,215,25,64,26.9,14.5,5.8,11.7,49.3,1,3,31.3,2,2.9,71.2,1.2,5.3,6.6,2.4,2.4,0.7,0.5,2.3,27.2,8,0
19,216,27,30,6.8,1.3,0.6,1.8,34,0.1,0.5,26.7,0,0,0,0.2,0.6,0.8,0.8,0.4,0.2,0.1,0.9,3.9,0,0
19,217,7,80,27.1,11.9,4,10,39.9,2.2,6.5,33.1,1.8,2.5,72.1,0.8,4.1,4.8,1.7,1.1,0.8,0.4,2.1,22.6,3,0
19,218,6,59,15.8,8.2,3.6,6.1,58.6,0,0.1,20,1,1.5,66.3,1.4,3.3,4.7,0.7,0.9,0.3,0.7,1.6,16.8,6,0
19,219,24,71,18.7,7.6,3,6,50.9,0.8,2.5,32.6,0.7,1,70.4,0.8,2.3,3.1,0.7,0.6,0.4,0.4,1.6,14.3,1,0
19,220,8,77,16.5,5.5,2.4,3.8,64.5,0,0,0,0.6,1.2,53.3,2.3,3,5.3,1.2,0.6,0.4,0.9,1.6,16.9,1,0
19,221,23,73,21.8,9.3,3.6,7.7,46.7,0.9,2.5,34.8,1.2,1.6,72.5,0.3,2,2.3,3.2,1.2,0.5,0.1,1.7,17.3,3,0
19,222,11,16,13.4,5.1,1.6,3.9,41.9,0.6,1.8,35.7,1.2,1.7,70.4,0.7,1.4,2.1,0.4,0.5,0.6,0.1,1.7,9.8,0,0
19,223,16,64,18.9,7.9,2.7,6.8,39.7,1,3.2,33.2,1.5,1.7,84.5,0.1,1.2,1.3,3.6,1.5,0.5,0.2,1.2,15.5,0,0
19,224,11,75,32.6,18.2,6.8,15.6,43.7,2,5.5,36.7,2.5,3,84.8,0.9,3.4,4.2,4.8,2.1,0.9,0.4,2,32.2,4,0
19,225,13,58,21.2,6.7,2.4,5.1,46.9,0.9,2.7,35.3,1,1.4,71.6,1,2.1,3.1,0.7,0.6,0.7,0.4,2.6,14.3,0,0
19,226,3,78,36.8,36.1,10.8,24.5,44.2,4.8,13.2,36.8,9.7,11,87.9,0.8,5.8,6.6,7.5,5,2,0.7,3.1,58.7,34,7
19,227,18,55,21.2,7.8,3,6.9,43.3,0.9,2.7,33.6,0.9,1.3,71.4,0.4,2.8,3.2,2.5,1.3,0.6,0.5,2.1,17.3,0,0
19,228,22,15,6.8,2.4,0.8,2.3,35.3,0.5,1.7,32,0.3,0.3,100,0,0.3,0.3,0.5,0.1,0.1,0,0.7,3.6,0,0
19,229,15,59,20.7,4.9,1.7,4.1,42.3,0.9,2.6,35.1,0.5,0.8,69.6,0.6,2.1,2.6,1.4,0.7,0.6,0.3,2.2,12,0,0
19,230,6,14,7.9,2.2,0.9,2.8,30.8,0.3,1.2,23.5,0.2,0.4,50,0.1,0.4,0.4,0.9,0.7,0.2,0.1,1.1,4.4,0,0
19,231,8,42,7.8,2.7,1,2.5,41.3,0.5,1.4,35.1,0.2,0.3,81.8,0.3,1.5,1.7,0.4,0.3,0.1,0.2,1.2,6,0,0
19,232,3,58,26.1,13.8,5.1,10.2,50.6,0.9,2.4,35.9,2.6,3.4,76.6,1.3,3.4,4.7,1.1,1.7,0.9,1.4,3.8,26.3,2,0
19,233,19,27,16.3,4.2,1.7,3.9,44.3,0.4,1.4,25.6,0.4,0.5,76.9,1,2.7,3.6,0.5,0.4,0.3,0.3,0.7,10.6,1,0
19,234,14,17,4.1,1.4,0.5,1.1,47.4,0,0.1,0,0.4,0.6,60,0.4,0.9,1.4,0.2,0.5,0.4,0.1,0.5,4.1,0,0
19,235,21,80,26.2,10.9,4.2,7.1,59,0.1,0.6,13.3,2.5,3.5,70.9,2.4,6,8.4,1.4,1.3,0.5,1.5,2.3,27.9,24,0
19,236,1,20,9.5,3.3,1.1,3,35.6,0.5,1.3,34.6,0.7,0.8,87.5,0.8,1.8,2.6,0.7,0.7,0.2,0.4,1.5,8.3,0,0
19,237,2,8,8,0.8,0.4,1.8,21.4,0,0.4,0,0,0,0,0.1,1.4,1.5,1.3,0.8,0.4,0,1,4.8,0,0
19,238,17,34,12.6,3.2,1.1,3.2,34.5,0.7,2.2,33.8,0.2,0.3,77.8,0.3,1.4,1.8,1.9,0.8,0.4,0.1,1.3,9,0,0
19,239,2,74,25.9,13,5,10.7,46.5,1.3,3.7,34.4,1.8,2.7,65.8,0.9,3.4,4.2,1.4,1.3,0.9,0.4,2.5,22.9,2,0
19,240,30,4,7.1,2.5,1,2.5,40,0.3,0.8,33.3,0.3,0.5,50,0,1.3,1.3,1,0.3,0.5,0,0.3,6.8,0,0
19,241,18,79,31.1,15.7,5.9,13.1,45,1.5,3.9,37.3,2.5,2.9,85.5,0.9,5.2,6,2.1,1.5,1.1,0.7,2.1,30,8,0
19,242,14,77,27.2,12.3,4.2,8.9,47.5,1.4,4.2,34.7,2.4,2.7,88.8,0.7,3.3,4,1.8,1.3,0.6,0.5,2.1,21.7,2,0
19,243,21,42,30.1,12.1,4.2,9.9,42.3,0.8,2.5,33.3,2.9,3.6,80.4,0.4,2.1,2.5,8.2,2.3,1,0.4,2.1,29.5,11,0
19,244,4,6,23.9,4.5,2,5.5,36.4,0.3,1.7,20,0.2,0.3,50,2.7,5.5,8.2,2.2,0.8,1.2,0.8,1.7,22.7,1,0
19,245,28,80,32.7,13.6,5.1,10.3,49.7,1.4,3.7,39.2,2,2.8,71,1.2,4,5.2,1,0.8,0.8,1.3,2.7,26.6,4,0
19,246,22,79,28.5,15.3,5.5,12.4,44,1.5,4.2,34.8,2.9,3.3,88.8,0.8,4.7,5.5,2.2,1,1.1,0.4,1.8,28.7,7,0
19,247,13,74,19.4,9.6,3.2,7.3,44,0.7,2.5,29.4,2.4,2.8,83.8,0.3,2.1,2.4,3.1,1.7,0.6,0.2,1.9,17.9,1,0
19,248,18,60,15.6,4.2,1.5,3.7,41.8,0.7,1.8,36.4,0.4,0.7,65,0.3,1.3,1.6,2.6,0.9,0.7,0.1,1.3,11.7,0,0
19,249,15,33,9.7,3.4,1.3,3.3,40,0.5,1.7,31.6,0.2,0.3,66.7,0.1,1.2,1.2,0.6,0.4,0.3,0.1,1.4,6.6,0,0
19,250,24,34,19.3,6.1,2.4,6.8,35.7,0.9,2.9,29.6,0.5,0.8,57.1,0.3,1.5,1.8,3.5,0.9,0.5,0.1,1.6,14.4,2,0
19,251,23,39,14.8,4.4,1.4,4.7,30.3,0.9,2.6,33.3,0.7,0.8,81.3,0.4,1.3,1.7,1.8,0.8,0.7,0.3,1.4,11.1,0,0
19,252,23,6,10.8,3.7,1.3,4.8,27.6,0,2.2,0,1,1,100,0.2,1,1.2,1.3,0.8,0.5,0,0.8,7.7,0,0
19,253,15,65,33.6,18.7,6.4,13.9,46.2,1,3,34.7,4.8,5.6,85.5,1.9,3.4,5.3,4,1.5,1.9,0.6,1.7,37.1,3,0
19,254,28,42,16.5,7.1,2.6,5.1,51.6,0,0,0,1.9,2.6,71.6,1.4,4.3,5.7,2.1,1.2,0.5,0.7,2.3,19.5,4,0
19,255,4,8,13,6.4,2.6,4.9,53.8,1,2.3,44.4,0.1,0.1,100,0.1,1.4,1.5,1,0.3,0.1,0.1,0.6,10.2,0,0
19,256,3,1,7.8,2,1,3,33.3,0,0,0,0,0,0,0,0,0,1,0,0,0,1,3.5,0,0
19,257,29,76,30.2,13.7,4.9,9.8,50,2.4,5.1,47.4,1.4,1.8,82.7,0.7,3.1,3.8,2.4,1.6,0.5,0.2,2.4,22.4,0,0
19,258,23,82,31.3,12.1,4.4,9.8,44.8,2.3,5.9,39.1,1.1,1.5,70.7,0.4,3.6,4,5.7,2.4,1.2,0.2,2.2,27.5,7,0
19,259,1,64,33.7,27.5,9.1,18.7,48.4,1.2,4.1,30,8.2,10.1,80.4,2.5,11.1,13.6,3.7,3.5,0.7,1.9,3.3,53.7,58,2
19,260,6,61,30,19.5,7.6,13.6,56,0.9,2.6,34.8,3.3,4.4,76.3,3.6,6.2,9.8,2,2,0.4,0.6,3.3,35.2,32,0
19,261,6,14,13.5,5.6,2.2,4.8,46.3,0.8,2.2,35.5,0.4,0.7,60,1.1,3.9,5.1,1,0.9,0.5,0.8,1.1,16.2,0,0
19,262,20,1,0.7,0,0,0,0,0,0,0,0,0,0,0,0,0,0,0,0,0,0,0,0,0
19,263,30,26,12.8,4.7,1.6,4,40,0.8,2.2,37.9,0.6,0.7,83.3,0.2,1.2,1.4,0.8,0.3,0,0.1,0.4,7.5,0,0
19,264,13,32,34.5,20.7,7.7,17.3,44.4,1.6,5.3,30.2,3.8,5.5,69.7,0.5,3.2,3.6,8.7,3.8,1.5,0.9,2.2,41.7,10,0
19,265,14,22,7.1,4.6,1.8,3.3,53.4,0,0.1,0,1.1,1.8,60,0.8,1.5,2.3,0.5,0.7,0.2,0.1,1.2,8.5,0,0
19,266,9,24,15.5,6.5,2.7,4.6,59.1,0,0.1,0,1.1,2,56.3,2,2.1,4.1,0.5,0.7,0.3,0.3,2.6,13.5,3,0
19,267,23,41,9.8,3.8,1.6,2.8,58.4,0,0.3,9.1,0.6,0.8,74.2,0.7,1.7,2.4,0.3,0.6,0.3,0.1,1.5,7.8,0,0
19,268,10,44,14.5,4.7,1.8,3.7,49.4,0.8,2.2,35.4,0.3,0.6,48.1,1.1,2.7,3.8,0.9,0.8,0.4,0.9,2.3,13.6,1,0
19,269,15,73,16.7,6.3,2.2,4.9,45.9,0.9,2.6,36.7,0.9,1.1,80,1,3,3.9,1.3,0.6,0.4,0.2,1.9,14.3,1,0
19,270,22,49,22.3,15.6,6.1,11,55.9,0.3,1,29.2,3,3.8,79.5,2.2,6.4,8.6,1.4,1.8,0.4,1.1,3,30.5,16,0
19,271,23,75,26.6,9.6,3.5,8.1,42.9,1.1,3.5,32.3,1.5,1.8,81.5,1.3,4.2,5.5,1.1,1,0.8,1.3,1.9,23.1,3,0
19,272,10,56,19,6.5,2.4,6.3,38,0.5,1.9,26.9,1.3,1.7,74.2,0.5,1.8,2.3,2.3,1.2,0.5,0.3,1.6,13.8,0,0
19,273,6,68,11.6,3.3,1.5,2.8,51.6,0,0,0,0.4,0.6,61,0.8,1.9,2.7,1.1,0.6,0.3,0.8,1.2,10.7,0,0
19,274,28,81,27.3,16.8,6.5,14.6,44.8,1.8,5.5,32.4,2,2.4,84.4,1,2.3,3.3,2.4,1.7,0.7,0.2,1.4,25.4,1,0
19,275,30,12,4.6,2.4,0.7,1.5,44.4,0.3,0.7,50,0.8,0.9,81.8,0.1,0.7,0.8,0.5,0.2,0,0,0.4,3.9,0,0
19,276,1,27,12.3,5.9,2.3,4.8,46.9,0.4,1.3,28.6,1,1.3,80,0.2,1.3,1.5,1.1,0.6,0.5,0.3,1,11,0,0
19,277,9,1,4.2,3,1,1,100,1,1,100,0,0,0,0,0,0,0,0,0,0,0,3,0,0
19,278,14,49,12.9,2.3,0.9,2.4,37.5,0.3,1.2,24.6,0.2,0.2,81.8,0.2,1,1.2,2.3,0.7,0.3,0.1,1.3,7.7,0,0
19,279,24,67,25.6,7.8,2.8,6.9,40.7,1.4,4.1,33.6,0.8,1.2,68.8,0.5,3.2,3.7,1.4,0.9,1,0.6,2.2,18.2,4,0
19,280,18,79,25.2,11.5,4.4,10.6,41.3,0.9,2.8,32.4,1.8,2.7,67.1,0.8,3.6,4.4,2.3,2.2,0.9,0.7,2.6,23,2,0
19,281,16,74,23.7,7.7,2.6,6.9,38.6,0.8,2.9,27.9,1.6,2.2,72.8,0.6,2.4,2.9,1.2,0.9,1.2,0.4,2.2,17.1,1,0
19,282,6,73,34.8,16.6,5.8,14.1,41.2,2.2,6.3,35.7,2.7,3.2,86.1,0.7,2.9,3.6,4.1,1.5,1.1,0.5,2.7,30.1,1,0
19,283,19,67,35.8,21.2,8.2,17.3,47.2,1.8,5.4,32.5,3.1,4,76.8,1.1,3.9,5,7.7,3.1,1.6,0.8,2.2,42.9,18,0
19,284,8,70,19.4,5.8,2,4.5,43.9,0.9,2.6,36.5,0.9,1.2,76.7,0.9,2.9,3.8,0.8,0.5,0.4,0.3,1.3,13.2,4,0
19,285,15,18,14.1,2.2,0.9,2.7,33.3,0.3,1.3,20.8,0.2,0.2,75,0.4,1.8,2.3,0.8,0.4,0.7,0.1,0.9,8.2,0,0
19,286,19,73,30.6,21.4,7.8,14.9,52.4,0.9,2.7,34.4,4.9,6.7,73.1,2.2,6.5,8.7,3.1,2.8,0.7,0.6,3.4,37.7,31,1
19,287,1,48,9.7,3.7,1.3,3.3,40.8,0.5,1.6,31.2,0.5,0.7,74.3,0.5,1.3,1.8,0.5,0.5,0.5,0.3,1,8.2,1,0
19,288,15,82,31.8,10.5,3.7,9.5,38.6,2,5.7,34.8,1.2,1.3,89.6,0.6,3.4,3.9,1.8,1.3,1.5,0.4,2,22.3,3,0
19,289,7,81,19.9,7.2,2.7,6,44.7,1.1,3,35.5,0.8,1,78.5,0.5,2.1,2.6,1.2,0.4,0.4,0.2,1.2,13.5,0,0
19,290,23,3,6.9,1.7,0.7,2.3,28.6,0,0.7,0,0.3,0.7,50,0.7,1.3,2,1,0,0.7,0,1.7,7.6,0,0
19,291,16,66,29.7,12.6,4.9,11.3,43.3,1.5,3.9,37.5,1.3,2.1,62.8,1,4.4,5.4,4.3,2.2,1.1,0.3,2.7,27.4,6,0
19,292,25,72,27.4,15.6,5.8,11.5,50.8,0,0.4,10.3,3.9,5.1,77.3,3.4,7,10.4,3.2,2.3,1,1.4,3.5,37.9,36,1
19,293,20,19,21.9,9.9,3.4,7.4,46.1,0.9,1.9,47.2,2.2,2.8,77.8,0.4,2.3,2.7,4,1.4,0.8,0.2,2.4,21,0,0
19,294,9,1,5.6,2,0,1,0,0,1,0,2,2,100,0,3,3,1,0,0,0,1,7.1,0,0
19,295,18,77,33,24.4,8.8,17.1,51.8,1.8,4.6,40,4.9,5.8,83.6,3.4,9,12.4,3.4,3.1,0.9,1.6,3.8,48.7,54,0
19,296,28,60,34,26.6,9.3,18.8,49.6,1.9,5,37.1,6.1,7.1,85.4,1.3,6,7.3,3.3,2,1.8,0.4,1.5,44.8,14,0
19,297,18,30,16.8,5,2,4.7,42.3,0.4,1.7,25,0.6,0.9,64.3,0.5,2.2,2.8,0.6,0.5,0.6,0.5,1,11.9,0,0
19,298,16,79,22.9,10,3.3,7.1,46.3,1.4,4,35.4,1.9,2.3,82.2,0.9,3.8,4.7,1.8,1.4,0.7,0.5,2.3,20.3,4,0
19,299,24,69,28,15.2,5.4,12.2,44.5,1.6,4.9,32,2.7,3.5,77.5,1,3.7,4.7,1.2,1.5,1.2,0.9,2.6,27.4,3,0
19,300,4,82,34.9,25.6,8.9,20.5,43.4,3.2,8.9,35.6,4.6,5.5,84.4,0.6,3.8,4.4,5.9,2.6,1.2,0.4,1.6,42.2,10,0
19,301,11,37,19.7,10.4,4.2,7.2,58.9,0.2,0.7,32,1.7,2.7,64.6,2.6,4.1,6.8,0.5,0.9,0.5,0.6,2.2,21.6,14,0
19,302,19,46,23.5,6.1,2.3,6.1,38.4,1.1,3.4,33.3,0.3,0.4,68.4,1.2,3.6,4.8,1.8,0.8,1,0.4,2.1,17.9,1,0
19,303,1,67,24.5,11.6,4.1,10.3,40.2,1.4,4.5,32,1.9,2.6,72.6,0.6,3.3,3.9,2.3,1.8,1.3,0.6,2.5,23.8,0,0
19,304,14,82,24.8,11.4,4,9.2,43,1.8,5.3,34.7,1.7,1.9,86.7,0.6,2.3,2.9,1.3,0.8,0.9,0.2,1.7,19.3,0,0
19,305,10,78,34.6,26,9.2,17.7,52.1,1.8,5,35.3,5.7,6.5,88.5,0.4,5.9,6.4,5.9,2.9,0.7,1.1,2,45,16,2
19,306,1,75,27.3,9.7,3.7,8.8,41.9,1.8,4.7,38.5,0.5,0.7,73.2,0.8,2.5,3.3,2.9,1.5,0.9,0.3,2.1,20,1,0
19,307,20,75,28.8,12.8,4.5,12.2,37,1.7,4.9,34.3,2.2,3,71.7,0.8,3.7,4.5,1.1,1.5,0.6,0.3,2.3,21,3,0
19,308,6,22,27.2,17,5,12.9,38.5,2.4,6.7,36.1,4.7,5.2,90.4,1.5,9.4,10.9,2.2,1.9,0.3,0.2,2.5,32.9,12,0
19,309,10,80,18.5,6.3,2.7,4.3,62.5,0,0.1,10,0.8,1.3,61.9,2.4,2.8,5.2,1.5,0.6,0.6,0.7,2.6,17.9,1,0
19,310,22,50,12.9,4.8,1.8,3,60.3,0,0,0,1.2,1.7,69.9,1.6,2.2,3.8,0.8,0.4,0.4,0.6,1.4,12.9,1,0
19,311,17,77,31.1,18.3,6.6,14.9,44.1,2.3,6.2,37.8,2.8,3.4,83.7,0.6,5.3,6,4.3,2.3,1,0.1,2.2,33,7,0
19,312,9,26,7.5,2.3,0.8,2.7,31.9,0.4,1.3,28.6,0.3,0.4,63.6,0.2,0.6,0.8,0.3,0.2,0.3,0.2,0.8,5,0,0
19,313,10,78,34,21.5,8.4,18,46.7,3.1,7.7,40.2,1.7,2,81.6,0.5,3.4,3.8,2.4,1.5,1.1,0.6,2,33.3,0,0
19,314,6,1,1.8,0,0,0,0,0,0,0,0,0,0,0,0,0,0,0,0,0,0,0,0,0
19,315,26,42,11.9,3.7,1.7,3.6,47.7,0,0,0,0.2,0.6,41.7,1.2,3,4.2,0.9,0.6,0.4,0.4,1.6,11.8,0,0
19,316,7,2,5.3,1,0,1.5,0,0,0,0,1,2,50,0,0.5,0.5,0,0.5,1,0,0,4.1,0,0
19,317,5,46,30.2,11.3,4.7,11,42.5,0.7,2.1,35.4,1.2,1.5,79.7,0.4,3.7,4.1,6,2.3,1.5,0.5,3.6,28.7,2,0
19,318,15,43,29.8,8,3.5,6.4,54.3,0.2,0.8,26.5,0.9,1.5,57.8,1.1,4.7,5.8,3,1.3,1.3,0.9,2.6,24.5,2,1
19,319,29,70,19.1,8.6,2.9,6.9,41.6,2,5,39.7,0.9,1,82.2,0.1,2.2,2.3,1.2,0.8,0.4,0.2,1.5,13.8,0,0
19,320,14,70,33.1,18.7,7.1,15.5,45.6,1.8,6,30.3,2.7,3.6,75.2,0.9,4.6,5.5,2.5,1.9,0.6,0.4,2.4,30,4,0
19,321,28,65,34.1,14.2,4.7,11.4,41.1,2.4,7,34.7,2.5,3,83,0.6,4.2,4.8,8.7,2.8,1.4,0.5,2.6,35.9,20,2
19,322,12,45,8.2,3.5,1.5,3,50.7,0,0.3,8.3,0.4,0.5,81,0.6,2,2.6,1.2,0.7,0.2,0.6,1.5,10.1,1,0
19,323,2,67,33,23.8,9,18.5,48.7,2.6,6.5,40.1,3.2,3.7,87.3,1.1,3.9,5,6.9,2.6,1.5,0.5,2.5,43.8,21,1
19,324,27,81,33.2,21.3,8.4,16.3,51.9,0.1,0.5,23.8,4.3,5.1,84.7,3.1,6.1,9.2,2.4,1.8,0.5,1.3,2.2,39.7,32,0
19,325,14,68,16.5,7.2,2.7,6.4,42.6,1.1,2.9,37.1,0.7,1.1,68.5,0.5,2.7,3.2,2.1,1.3,0.6,0.1,1.6,15,1,0
19,326,20,46,17,4.5,1.7,4.3,39.6,0.5,1.7,27.8,0.6,0.8,75,0.5,2.1,2.5,0.6,0.5,0.4,0.2,1.8,9.4,0,0
19,327,13,79,22.8,9.1,3,7.1,43.1,2.1,5,42.2,0.9,1.2,80.6,0.3,1.4,1.7,1.5,0.6,0.5,0.1,2,14.6,0,0
19,328,9,80,21.8,8.4,2.9,7.3,38.8,1.7,4.8,35.5,1,1.2,84.4,0.6,1.5,2.1,1.1,0.3,0.5,0.1,1.7,13.9,0,0
19,329,6,67,26.8,9.4,3.7,7.1,52,0.5,1.5,33.7,1.4,2,71.6,2.5,5.7,8.2,3.2,1.4,1.5,0.6,2.9,28.9,18,0
19,330,5,52,32.3,18.7,6.6,15.3,43,2.3,6.4,36.1,3.3,3.8,87.2,1.4,7.6,9,1.4,1.6,0.7,0.6,2.3,34.1,20,0
19,331,14,55,35.2,27.4,10.1,19.9,51,2,5.9,33.9,5.1,7.6,66.5,1,7.4,8.5,8.3,3.6,1.3,0.6,1.7,52,32,8
19,332,27,17,6.9,2.6,0.9,2.7,34.8,0.3,0.8,38.5,0.5,0.6,80,0,1,1,0.5,0.2,0.4,0.2,0.4,6.2,0,0
19,333,14,47,30.3,9.9,3.9,9.7,40.6,1.6,4.9,32.9,0.4,1,41.7,1.1,4.2,5.3,5.4,2.2,1.5,0.4,2.4,27.9,4,1
19,334,28,26,8.2,2.1,0.9,2.7,32.4,0.2,1.1,21.4,0.1,0.1,100,0.2,1,1.2,1.1,0.6,0.5,0.2,0.8,6.5,0,0
19,335,13,75,26.6,20,6.5,15.2,42.5,1.4,3.9,36.1,5.7,6.5,87.6,0.5,2.4,3,5.4,2.4,0.8,0.1,1.1,31.9,7,1
19,336,13,4,15.3,5,2,4.5,44.4,0.5,1.5,33.3,0.5,1.3,40,0.5,1.3,1.8,0.5,0.5,0.3,0.3,2,8.9,0,0
19,337,7,72,32.2,21.2,7,16.5,42.7,2.3,7.1,32.7,4.8,6.7,71.3,1.2,6.6,7.8,6,3.4,1.1,0.3,1.9,40.3,24,8
19,338,9,63,22.8,9.7,3.6,8.3,43.8,1.7,4.3,39.4,0.8,1,83.6,0.2,2.7,2.9,1.8,0.9,0.4,0.2,1.5,16.7,0,0
19,339,20,46,17,7,2.3,6.2,37.8,1.5,4.2,36.3,0.8,1,82.6,0.6,2.3,2.9,1.2,0.5,0.6,0.9,0.9,16.2,1,0
19,340,18,22,17.8,7.1,2.7,5.4,50,0.6,2,31.8,1.1,1.6,71.4,0.9,2.4,3.3,0.8,0.6,0.7,0.4,1.1,14.8,0,0
19,341,28,22,4.7,1.4,0.4,1.3,31,0.4,1.1,32,0.2,0.2,80,0.1,0.5,0.6,0,0.4,0,0,0.6,1.8,0,0
19,342,17,64,28.6,15.6,5.9,11.7,50.5,1.6,3.8,42.6,2.2,2.4,92.8,1,3.5,4.5,3.2,1.4,0.7,0.2,1.6,27.2,0,0
19,343,28,10,6.7,3.5,1.1,2.6,42.3,1,2.1,47.6,0.3,0.4,75,0.1,0.4,0.5,0.1,0.1,0.1,0.1,0.5,4.8,0,0
19,344,8,81,23.2,11.3,4.3,9.1,47.4,2,5,40.2,0.7,0.8,84.8,0.4,2,2.5,1.2,0.7,0.7,0.1,1.4,17.8,0,0
19,345,4,73,17.2,8.9,3.1,8,38.7,1.5,4.5,33,1.2,1.4,88.2,0.2,1.7,1.9,1.6,1.2,0.5,0.3,1.5,14.7,0,0
19,346,28,29,13.3,6.6,2.6,5.8,45,0.5,1.9,27.8,0.8,1.1,69.7,0.4,1.1,1.6,0.9,0.7,0.3,0.1,1.1,10.3,0,0
19,347,13,79,30.8,13.6,4.9,11,44.8,1.3,3.5,36.3,2.4,3.2,75.9,1,6.9,7.9,4.4,2,1.1,1.1,2.7,34.2,19,1
19,348,27,47,16,5,2.1,4,53.2,0,0,0,0.7,1,72.9,1.4,4.1,5.6,1.4,1.1,0.1,0.5,2,14.5,1,0
19,349,10,79,23,10.5,3.6,8.7,41.3,1.9,5,37.2,1.4,1.6,90.3,0.2,2.3,2.5,1.7,0.9,0.4,0.1,1.5,16.7,1,0
19,350,2,11,6.1,4.2,1.5,3,48.5,0.9,1.8,50,0.4,0.5,80,0.7,0.5,1.2,0.1,0.3,0,0.1,0.8,5.7,0,0
19,351,2,75,27.9,13.9,5,11.3,44.7,1.9,5.2,37.5,1.9,2.3,84.4,1,5.1,6.1,1.5,1.2,0.6,0.3,2.4,24.9,5,0
19,352,20,80,27.5,8.9,3,7.1,42.2,1.6,4.3,36.4,1.3,1.6,80.6,0.7,2.2,2.9,4,1.5,1.8,0.4,2.5,23.3,1,0
19,353,22,58,20.8,8.8,3.3,8,41.2,0.7,2.6,27.6,1.5,2,76.3,0.5,3.6,4.1,1.5,1.5,1,0.1,1.9,17.9,1,1
19,354,21,19,22.5,8.2,3.4,8.2,41.9,0.2,0.7,28.6,1.1,1.9,56.8,1.4,2.3,3.7,3.1,1.3,0.9,0.3,2.7,19.4,0,0
19,355,6,58,21.9,9.4,3.5,8.3,42.1,1.2,3.5,33.5,1.2,1.6,77.2,1.1,3.5,4.6,1.4,0.9,0.6,0.4,3,19,2,0
19,356,15,43,11.6,4.2,1.6,4.2,37.2,0.4,1.7,22.2,0.7,1,71.1,0.9,2.4,3.3,0.5,0.8,0.4,0.3,1.9,10.1,1,0
19,357,26,62,25.3,14.9,5.7,11.4,50.4,0.5,1.5,31.3,2.9,4.2,69.1,2.6,5,7.6,1,1.6,0.5,1,1.9,28.4,19,0
19,358,4,75,28.4,10.1,3.7,8.7,42.2,1.9,5.1,36.6,0.9,1.1,76.7,1,4.4,5.4,1.2,0.6,0.9,0.8,2.1,23.1,5,0
19,359,8,82,21.1,7.8,3.2,5.4,59.3,0,0.1,20,1.4,2.4,56.1,2,4.4,6.4,3,1.5,0.8,0.9,3.1,23.5,9,0
19,360,6,48,16.9,5.9,2,5,40.5,0.9,2.7,33.8,0.9,1.1,80.8,0.1,1.5,1.6,3.8,1.4,0.3,0,1.6,13,0,0
19,361,25,60,23.6,7.7,3.2,6.5,48.7,0.6,2,27.5,0.8,1.2,67.1,1.3,3.2,4.5,1.2,0.8,1.1,0.9,2.7,20.1,2,0
19,362,7,71,21.2,6.8,2.5,5.4,45.3,1.1,3.1,35.3,0.8,1,78.4,1.3,3.4,4.6,1,0.8,0.5,1.1,2,17.9,3,0
19,363,22,10,4.4,1.5,0.7,2.1,33.3,0,0.6,0,0.1,0.4,25,0.3,0.2,0.5,0.1,0.1,0.1,0,0.6,2.5,0,0
19,364,25,61,14.4,5.9,2.2,4,54.5,0.8,1.8,45,0.7,0.8,84.3,0.8,3,3.8,1.2,0.7,0.2,0.1,1.7,12.7,2,0
19,365,14,26,10.7,7,2.9,5.9,49,0.1,0.7,17.6,1.1,1.5,71.8,0.5,1.8,2.3,1,1,0.3,0.4,1.6,12.3,0,0
19,366,22,28,13.3,4.8,1.6,4.4,37.4,0.4,1.4,26.3,1.1,1.9,60.4,0.7,1.8,2.5,2.5,0.7,0.7,0.5,1.7,14.6,0,0
19,367,4,64,18.4,6.7,2.5,5.2,47.6,0.3,0.7,34,1.5,1.9,77.2,1.4,2.5,3.8,1,0.7,0.5,0.6,2.4,15.4,1,0
19,368,24,82,29.5,8.3,3,6.9,43,1.3,3.8,33.5,1.2,1.4,80.5,0.7,2.5,3.2,2.1,0.9,1.6,0.5,2.5,20.6,0,0
19,369,15,70,33.5,21.1,7,16,43.8,2.2,6.1,36.4,4.9,5.8,84.5,0.6,2.8,3.4,6.4,1.9,1.3,0.3,1.8,37.9,10,0
19,370,14,64,20.4,7,2.3,5.6,40.2,1.4,4,34.8,1.1,1.3,82.4,0.9,2.9,3.8,1.2,0.8,0.3,0.6,2,15.4,1,0
19,371,23,79,17.7,5.8,2.1,5.3,40,1.3,3.2,40.1,0.3,0.4,66.7,0.5,2.9,3.5,0.8,0.6,0.3,0.2,2,12.2,0,0
19,372,4,80,21.2,7.5,3,6.4,46.4,0.8,2.5,32.5,0.7,1,75.3,0.8,3.2,4,1.2,0.6,0.7,0.6,1.4,17.4,1,0
19,373,1,18,9.6,4.4,1.8,2.7,66.7,0,0,0,0.9,1.7,53.3,0.9,1.3,2.2,0.9,0.6,0.3,0.2,0.8,9.6,0,0
19,374,13,15,10,3.2,1.1,2.7,42.5,0.7,1.8,37,0.3,0.5,57.1,0.2,0.9,1.1,2.1,1.4,0.2,0.1,1.8,7.1,0,0
19,375,18,5,9.4,4.2,1.6,3.2,50,0,0.4,0,1,1.4,71.4,1.2,1.2,2.4,1.2,0.2,0.4,0,0.6,9.9,0,0
19,376,20,66,20.6,7.3,3.1,4.4,69.4,0,0,0,1.2,2,60,2.7,3.7,6.4,0.6,0.5,0.8,2.4,3.3,25,11,0
19,377,22,47,16.3,6.2,2.5,5.2,48.1,0.4,1.5,30,0.8,1.3,58.7,1.4,3.6,5,0.8,0.9,0.3,1.4,2.2,17.4,1,0
19,378,8,82,24,10.4,4.2,8.6,49.3,1.1,2.8,41.4,0.8,1,80.2,0.4,1.9,2.4,3.6,0.6,0.9,0,1.2,20.8,1,0
19,379,13,82,26.3,16.6,6.7,10.8,61.5,0,0.2,17.6,3.2,5,64.3,2.2,4.3,6.5,2,1.6,0.9,1.3,3.1,32.4,17,0
19,380,14,43,10.4,4.8,1.7,4,41.5,0.5,1.8,28.6,1,1.2,81.1,0.4,1.6,2,0.6,0.9,0.3,0.3,1.3,8.8,0,0
19,381,12,74,28.6,13.3,5.1,10.5,48.7,1,2.6,38.8,2,2.7,73.6,1.4,5.8,7.2,1.6,1.4,0.8,2.7,2.6,33.4,17,0
19,382,29,14,6,1.1,0.4,1.4,30,0.1,0.8,18.2,0.1,0.1,100,0.1,0.4,0.4,1.1,0.6,0.1,0.1,0.7,3.1,0,0
19,383,26,77,23.2,9.6,3.7,7.7,47.9,1.3,3.3,40.1,0.9,1.2,76.1,1.6,4.1,5.8,1.9,1.1,0.7,0.7,2.6,22.6,9,0
19,384,11,42,13,3.6,1.4,2.8,51.7,0,0.1,0,0.7,1.1,66,0.8,2.1,2.9,0.6,0.3,0.4,0.4,2.1,10.1,0,0
19,385,21,77,13.7,4.9,2.1,3.6,58.7,0,0,0,0.7,1,68.4,1.6,2.6,4.2,0.6,0.6,0.9,1.2,2.2,16.5,2,0
19,386,8,4,9.3,2.3,0.8,2.3,33.3,0.8,2,37.5,0,0,0,0,0.3,0.3,0.5,0.5,0,0.3,1,3.6,0,0
19,387,4,75,31.4,9.3,3.4,7.5,45,1.5,4,38.9,1,1.2,86.5,0.9,4.3,5.2,3.3,1.6,0.9,0.6,1.9,23.5,0,0
19,388,6,68,14.9,5.9,2,5,40.2,1,2.8,37.2,0.8,0.9,89.1,0.3,1.6,1.9,1.2,0.8,0.3,0.1,0.7,10.4,0,0
19,389,8,80,31.3,20.1,7.7,15.1,51.1,1,3.4,30.7,3.6,4.4,82.1,2.9,8,10.8,7.3,3.1,1.4,0.7,2.9,46.9,56,12
19,390,17,46,27.1,15.2,5.2,11.8,43.9,2.5,6.9,36.5,2.3,2.7,84.7,1.3,6.1,7.4,1.2,1,0.7,0.7,2.3,29,11,0
19,391,22,80,31.4,20.8,8.8,16.9,51.8,1.1,2.9,36.4,2.2,2.8,78.9,2.8,9.2,12,3.8,2,1,1.1,2,45.4,60,1
19,392,20,68,25.3,8.4,3,6.5,47,0.7,2,33.6,1.6,2.3,71.2,1.7,6.1,7.8,1.9,1.3,0.7,0.8,2.6,23.5,18,0
19,393,28,60,18.8,8.6,3.2,6.7,48.3,1.1,2.8,40,1,1.3,82.7,0.3,2.1,2.3,1.5,1.1,0.7,0.2,1.6,15.2,0,0
19,394,28,67,20.2,7,2.7,6,45.3,1,3,33.2,0.5,0.9,58.1,0.9,2.1,2.9,0.7,0.8,0.7,0.3,2.1,13.8,0,0
19,395,30,3,2.1,0,0,0.7,0,0,0.7,0,0,0,0,0.3,0.3,0.7,0,0,0,0,0,0.8,0,0
19,396,1,46,17.5,5.9,2.1,5.3,40.2,1,2.8,34.4,0.7,1,71.1,1.6,2.7,4.2,1,0.7,0.6,0.5,1.5,15.2,4,0
19,397,15,36,14.5,6.3,2.4,4.5,53.4,0.4,1.2,34.9,1.1,1.6,67.2,0.5,2.7,3.2,0.7,0.6,0.6,0.3,1,13,0,0
19,398,5,56,30.1,13.9,5.3,11.5,46.5,1.9,4.6,40.6,1.4,1.7,81.3,1,4.6,5.6,2.1,1.2,1.5,0.6,1.9,28.8,6,0
19,399,28,6,8.5,3.2,1.3,3.5,38.1,0.3,1.3,25,0.2,0.3,50,1,1.8,2.8,0.8,0,0.3,0,0.3,8.8,1,0
19,400,17,82,34.2,7.3,2.5,6.4,39.6,1.8,4.7,37.7,0.5,0.7,69.5,1.5,4.4,5.8,1.2,0.8,1.6,0.5,3.1,21.6,3,0
19,401,13,80,31.8,16.9,6.5,11.8,54.9,1,2.7,36.9,3,3.8,78.5,1.6,5.3,6.9,3.1,1.9,0.9,0.7,3,32.6,18,0
19,402,28,61,20.7,6.9,2.7,5.7,46.6,1.1,3.3,33,0.5,0.7,72.5,1,3.2,4.2,2,0.5,0.5,0.4,1.3,17.3,1,0
19,403,21,78,27.4,7.6,2.5,6.1,40.7,1.4,3.6,39.7,1.2,1.6,78,1,4,5,3.8,1.1,0.9,0.6,3.4,22.5,6,0
19,404,27,29,13.7,2.6,0.9,2.2,41.3,0.3,1,32.1,0.4,0.5,86.7,0.2,1.4,1.7,1,0.6,0.8,0.1,1.3,8,0,0
19,405,17,63,13.7,3.6,1.3,3.5,37.4,0.7,2.2,33.6,0.3,0.5,63.3,0.7,1.7,2.3,0.5,0.3,0.3,0.2,0.7,8.2,0,0
19,406,21,82,23.3,9.9,3.4,8.1,42.5,1.9,4.9,39.4,1.1,1.3,85.4,0.3,1.9,2.2,3,1.1,0.6,0.1,1.6,18.1,0,0
19,407,8,30,12,3.9,1.4,3.1,44.7,0.2,0.4,46.2,0.9,1.3,70,0.7,3.8,4.6,1.7,0.5,0.2,0.5,1,13.5,1,0
19,408,2,77,36.9,28,9.2,21,43.8,3.8,9.8,38.6,5.9,7,83.9,1.4,6.8,8.2,4.1,2.7,2.2,0.4,2.8,49.3,24,1
19,409,11,70,27.1,12.6,4.6,9.5,48.4,0.8,2.3,36.5,2.6,3.6,72.7,2.2,5,7.2,2,1.4,1.2,0.8,2.6,28.8,14,0
19,410,24,10,12.3,1.7,0.4,1.8,22.2,0.2,1.5,13.3,0.7,1,70,0.3,2.2,2.5,0.8,0.4,0.1,0.4,2.4,7,0,0
19,411,27,53,5.5,1.8,0.5,1.1,50,0.1,0.3,33.3,0.6,0.8,81,0.2,0.7,0.9,0.5,0.2,0.2,0,0.5,4,0,0
19,412,10,74,14.3,6.9,2.8,5.9,46.5,1.1,2.7,40.5,0.3,0.4,76.9,0.3,1.8,2.1,1.6,0.7,0.3,0,1.2,12,0,0
19,413,14,1,25.7,17,6,13,46.2,4,10,40,1,2,50,1,2,3,3,0,1,0,3,28.1,0,0
19,414,29,46,29.8,9.2,3.8,9.4,40.5,1.1,3.1,35.9,0.5,0.8,63.9,0.7,4.5,5.3,8,2.8,1.2,0.2,2.2,28.9,14,1
19,415,5,37,12.8,5.3,2,4.4,46,0.5,1.6,33.3,0.8,0.9,84.8,0.2,1.5,1.7,2.5,0.9,0.4,0.1,1.3,11.6,0,0
19,416,24,10,12,3.7,1.3,3.9,33.3,0.3,1.2,25,0.8,1.2,66.7,1.1,1.5,2.6,1.3,0.8,0.1,0,0.7,8.3,0,0
19,417,21,14,10.5,3.9,1.8,3.4,53.2,0,0.2,0,0.3,0.9,33.3,1.1,2.4,3.4,0.4,0.6,0.6,0.6,1.6,11.5,1,0
19,418,14,33,11.5,4.3,1.7,4.1,40.7,0.6,1.8,32.8,0.4,0.4,92.3,0.1,0.9,1,1.6,0.4,0.3,0.2,0.9,8.9,0,0
19,419,9,63,29.8,11.3,3.9,9.4,41.2,2.3,6.2,37.7,1.2,1.3,85.9,0.3,2.4,2.7,2,1,0.6,0.2,1.7,19.1,0,0
19,420,24,82,27.9,15.4,5.4,12.8,42.1,2.1,5.7,36.9,2.5,2.9,86.4,0.5,2.1,2.6,4.2,1.8,0.7,0.1,2.5,25.4,0,0
19,421,29,70,16.9,8.2,3.2,5.2,60.8,0,0,0,1.8,2.5,73.1,1.6,3.1,4.7,0.9,0.7,0.6,1.1,2.8,19.6,5,0
19,422,2,68,27.9,12.7,4.3,10.7,40.4,1.2,3.7,31.1,2.9,3.4,85.5,0.5,3.1,3.6,6.1,2.6,1.3,0.1,2.6,28,7,0
19,423,18,35,34.4,13.3,4.5,10.3,43.1,2.4,6.4,37.8,1.9,2.5,76.4,0.8,4.7,5.5,1.3,1.3,2.1,1.3,3.6,30.9,2,0
19,424,2,32,8.8,2.5,1.1,1.6,70.6,0,0,0,0.3,0.5,60,0.8,1.7,2.5,0.2,0.3,0.3,1.3,1.1,10.2,0,0
19,425,5,74,21.7,9.5,4.1,7.2,56.8,0.1,0.4,22.6,1.2,1.7,72.4,1.9,2,3.9,1.2,1.3,0.1,1.1,1.7,18.3,2,0
19,426,3,63,20.5,8.5,3.2,7.1,45,0.9,2.9,31.5,1.1,1.5,78.3,0.9,3,3.9,0.8,1.2,0.7,0.4,2.3,16.3,2,0
19,427,25,72,26.3,11.2,4.1,9.3,43.5,1.2,3.3,35.6,1.9,2.2,88.4,0.3,1.8,2.2,1.8,0.8,0.8,0.2,2,18.6,0,0
19,428,13,66,23.5,7.6,2.8,7,40.3,1.2,3.4,35.1,0.8,1.1,72.2,0.9,2.7,3.6,1.7,1,0.5,0.2,1.7,15.7,2,0
19,429,30,15,10.1,0.9,0.3,1.3,20,0.1,0.9,7.7,0.3,0.4,83.3,0.1,0.7,0.7,1,0.3,0.4,0.1,1.2,4.4,0,0
19,430,3,59,20.9,8.9,3.4,8.3,41.1,0.2,0.8,18.4,2,3.1,64.5,1.4,3.8,5.3,1.6,1.2,0.7,0.5,1.8,20.1,4,0
19,431,29,82,20.4,5.2,2,4.2,47.5,0.8,2.1,38.6,0.4,0.5,76.2,0.3,3.2,3.5,1.5,0.9,0.7,0.3,2.1,13.6,1,0
19,432,27,69,26.7,13.7,5.4,10.8,50.4,1.1,2.7,40.2,1.7,2.1,81.6,0.9,5.9,6.8,2.6,1.7,0.8,0.5,2.3,28,9,0
19,433,29,81,31.8,15.9,5.9,8.8,66.9,0,0,0,4.1,6.4,63.6,3.8,9,12.9,2,1.6,0.8,2.3,2.9,42,66,0
19,434,21,73,36,22.9,8.6,20.2,42.8,1.6,5.6,29,4.1,6.2,65.6,1.5,9.6,11.1,10.7,4.5,1.9,0.5,3.4,55.1,57,34
19,435,16,25,12.9,2.5,0.8,2.8,30.4,0.4,1.6,22.5,0.5,0.6,75,0.7,1.4,2.2,0.8,0.6,0.2,0,1,6.3,0,0
19,436,5,81,24.2,6.7,2.3,5.2,44.7,1,2.7,37.3,1.1,1.3,87.3,0.3,2.4,2.7,3.3,0.8,0.8,0,2.1,16.7,0,0
19,437,7,42,10.8,4,1.4,3,45.2,0.9,2.2,40.9,0.4,0.5,78.9,0.2,1.3,1.5,0.5,0.4,0.1,0.1,0.8,6.9,0,0
19,438,7,36,11.1,3.9,1.5,3.1,49.1,0.3,0.9,32.4,0.6,0.9,62.5,1,2.6,3.6,1,0.6,0.3,0.7,1.5,12.2,1,0
19,439,30,47,16.8,6.1,2.6,5.4,46.9,0.4,1.3,30.6,0.6,1,60.9,1.1,2,3.1,1,0.5,0.8,0.1,1,13.7,0,0
19,440,14,4,4.8,2.5,1,1.5,66.7,0.3,0.3,100,0.3,0.3,100,0,0,0,0.8,0,0.3,0,0.5,4.4,0,0
19,441,2,56,10.6,3.3,1.2,2.8,42.4,0.5,1.6,31.5,0.4,0.7,61.5,0.4,1.1,1.5,0.4,0.3,0.2,0.1,0.8,6.2,0,0
19,442,28,74,27.2,15,6.3,11.9,52.9,0.7,2.3,29,1.8,2.4,76.3,2.1,6,8.1,1.3,1.5,0.4,1.4,2.9,30.6,22,0
19,443,25,74,18.9,7.9,2.9,6.3,45.6,1.5,3.4,45,0.6,0.7,84.6,0.4,1.3,1.6,0.9,0.8,0.5,0.2,1.3,12.3,0,0
19,444,3,56,17.6,9.4,3,7.8,38.9,1.4,4.1,33.3,2.1,2.5,83.3,0.3,1.5,1.8,2.6,1.2,0.7,0.3,1.2,17.3,1,0
19,445,13,82,26.5,10.8,4.2,8.7,47.6,0.6,1.7,36.7,1.9,2.4,80,0.7,2.1,2.8,3.3,1.7,1.2,0.5,2.1,22.6,1,0
19,446,23,20,13.4,4.4,1.7,4.4,39.1,0.7,2.2,31.8,0.3,0.4,71.4,0.5,1.3,1.8,0.9,0.3,0.4,0.4,1.5,9.9,0,0
19,447,5,73,19.6,6.5,2.5,5.8,43.2,0.3,1.2,27,1.1,1.7,66.7,0.5,2.6,3,1.9,0.8,1.2,0.4,1.7,17.1,1,0
19,448,10,64,15.1,4,1.7,3.3,51.9,0,0,0,0.6,0.8,78.4,0.7,1.2,1.8,1.8,0.6,0.5,0.4,1.2,11,0,0
19,449,4,57,21.9,7.5,2.9,7.1,40.4,0.8,2.3,35.4,1,1.5,69,0.3,1.5,1.8,3.2,1.2,0.8,0.1,1.5,16.1,0,0
19,450,13,64,4.9,1,0.3,0.8,34.7,0,0.2,20,0.4,0.5,73.5,0.1,0.6,0.7,0.3,0.3,0.2,0.1,0.6,2.9,0,0
19,451,25,22,8,3,1.2,2.2,53.1,0.3,0.6,46.2,0.4,0.8,52.9,0.4,1.5,2,0.5,0.5,0.2,0.3,1.3,7.1,1,0
19,452,19,44,20,4.3,1.5,4,38.2,0.7,2.3,31.7,0.5,0.7,71.9,0.8,2.3,3,1.3,0.7,0.5,0.2,1.8,11.4,0,0
19,453,3,68,28.1,16.8,5.4,12.2,44.2,1.8,5.4,33.5,4.2,5.2,80.6,0.4,2.1,2.4,4.6,2.2,0.6,0.3,2.8,26.9,2,0
19,454,19,66,18.3,6.9,2.6,6.7,38.9,0.9,3.3,28.8,0.8,1,78.1,0.5,2.8,3.3,1.3,1.2,0.9,0.2,1.7,15,0,0
19,455,10,69,33.8,27.3,9.2,19.4,47.2,5.1,11.7,43.7,3.8,4.2,91.6,0.7,4.7,5.3,5.2,2.8,1.3,0.4,2.4,43.8,3,0
19,456,17,58,17.8,6.4,2.5,5.4,46.5,0.9,2.5,36.1,0.5,0.7,69,0.5,2.7,3.2,1.4,0.8,0.4,0.1,1.5,13.3,0,0
19,457,21,80,33.4,13.9,6,10.1,59.5,0,0,0,1.8,3.7,50,4.9,4.6,9.5,1.6,1.7,1.5,1,2.6,33.1,29,0
19,458,9,42,10.5,3.2,1.1,3.3,32.9,0.7,2.1,32.6,0.3,0.5,60,0.2,0.6,0.9,0.9,0.5,0.3,0,0.6,6.1,0,0
19,459,23,76,19.3,6.4,2.9,5.5,52.5,0.2,0.6,33.3,0.4,0.5,78.4,0.4,1.9,2.3,3.4,1.2,1,0.2,1.4,16.8,0,0
19,460,24,43,31.6,18,6.9,14.2,48.6,1.8,4.2,42.8,2.3,2.9,81.5,0.7,3.3,4,1.5,1.2,1.2,0.7,2.8,29.4,0,0
19,461,3,58,9,3.9,1.7,3.2,54.1,0.1,0.5,25.8,0.3,0.5,61.3,0.7,1.4,2.2,0.4,0.2,0.2,0.3,0.6,8.3,1,0
19,462,18,1,8,4,2,3,66.7,0,1,0,0,1,0,0,1,1,0,0,0,0,2,5.2,0,0
19,463,1,70,24.1,10.8,4.3,7.7,56.6,0.2,0.5,32.4,1.9,2.5,75.7,2.5,4.1,6.5,1.2,1,0.8,0.6,2.7,23.3,13,0
19,464,21,55,28.2,13.5,4.8,10.8,44.1,2.2,5.7,39,1.7,2.1,81.9,0.4,3.2,3.6,2.1,1.8,1,0.3,2.6,23.2,0,0
19,465,11,74,26.1,6.9,2.5,5.8,42.9,1.4,3.9,36.6,0.5,0.7,72.5,0.4,1.5,1.9,1,0.6,0.5,0.2,3.1,12.3,0,0
19,466,22,2,2.6,1,0.5,2,25,0,1,0,0,0.5,0,0,2,2,0,0.5,0,0,0.5,2.9,0,0
19,467,2,81,26.5,15.1,5.4,12.7,42.8,2.7,7,38.3,1.6,1.8,87.5,0.3,3.1,3.5,1.7,1.1,0.9,0.4,1.5,24.4,0,0
19,468,29,79,22.7,9,3.3,8.4,38.7,1.5,4.3,35.3,0.9,1.2,78.5,0.4,3.5,3.9,2.9,0.9,0.9,0.3,1.3,20.5,1,0
19,469,12,50,12.2,3.8,1.4,3,47.7,0.7,1.6,43.6,0.3,0.4,63.6,0.2,2.3,2.5,0.5,0.5,0.9,0.1,0.8,9.9,1,0
19,470,3,81,30.7,12.6,5.5,10.4,52.7,0.6,1.8,34.9,1.1,1.7,64.4,2.4,4.1,6.5,2.5,1.5,1.5,0.4,2.4,28.5,10,0
19,471,30,18,11.7,4.5,1.4,4.1,34.2,0.7,2.6,26.1,1.1,1.2,86.4,0.2,1.8,2,1.2,1,0.3,0,0.8,8.7,0,0
19,472,8,72,20.8,10.5,4.3,7,61.6,0.5,1.4,33.3,1.5,1.9,78.1,1.6,4.7,6.3,1.3,0.8,0.3,0.9,1.8,23,14,0
19,473,9,11,3.3,1.6,0.6,1.2,53.8,0.3,0.6,42.9,0.1,0.2,50,0,0.4,0.4,0.5,0.1,0,0,0.3,2.7,0,0
19,474,17,64,15.2,5,1.7,4.2,40.7,0.8,2.4,32,0.9,1.3,66.7,0.6,2.5,3.2,0.7,0.5,0.3,0.8,1.6,12.7,0,0
19,475,7,59,19,5.3,2,4.4,44.4,0.6,1.7,36.6,0.7,0.9,75.9,0.7,2.2,2.8,4.2,1.3,0.5,0.1,1.9,15.5,4,0
19,476,5,65,31.6,18.1,6,15.3,39.3,2.5,7.3,34,3.6,4.2,84.1,0.5,2.9,3.4,2.4,1.6,0.8,0.1,2.2,27.1,2,0
19,477,12,50,13.4,4.6,1.6,4.4,37.6,0.7,2.3,31,0.6,0.8,75.6,0.2,1.7,1.9,0.5,0.4,0.4,0.2,1.5,8.9,1,0
19,478,23,82,34.7,20,7.5,15.3,48.7,1.9,4.8,39.7,3.2,3.7,86.6,0.8,7,7.9,2.8,1.8,0.6,0.5,2.2,35.1,15,0
19,479,30,80,27,8.9,3.2,6.6,48.5,0.8,2,39.5,1.6,2,81.9,1,2.5,3.5,5,1.5,1,0.2,2.2,22.6,7,1
19,480,29,3,12,5.7,2.7,5.3,50,0,0,0,0.3,0.7,50,3,2,5,0.3,1,0.7,0.7,2,15.2,1,0
19,481,4,56,17.9,9.5,3.8,8.3,46,0.2,0.9,25.5,1.6,2.2,73.4,0.3,1.2,1.5,3.7,1.3,0.4,0.1,0.9,16.9,1,0
19,482,17,74,17.6,6,2.2,4.9,45.2,1.1,2.8,39.7,0.5,0.6,88.1,0.4,1.7,2.1,0.9,0.3,0.4,0.2,1.2,11.4,0,0
19,483,8,75,20,5.7,2.1,4.8,44.2,0.8,2.5,32.4,0.7,0.9,70,1.2,2.3,3.5,1,0.6,0.5,0.6,2.3,14.1,2,0
19,484,1,81,30.9,19.1,6.5,15.5,41.8,1.9,6,32.4,4.2,5.1,82.9,0.8,2.9,3.7,8.1,3.8,0.9,0.2,1.7,35.1,30,1
19,485,3,35,20.4,5.3,1.8,5.5,33.5,1.1,3.7,29.7,0.5,0.6,81.8,0.7,2.4,3.1,1,0.5,0.4,0.2,1.9,11.6,0,0
19,486,11,3,1.9,1.7,0.7,1,66.7,0.3,0.3,100,0,0,0,0,0.3,0.3,0.7,0,0,0,0,3.1,0,0
19,487,30,69,34,12.5,4.3,10.7,39.9,2.1,6.3,33.4,1.9,2.4,79.3,0.7,4.7,5.4,3.7,1.5,1.3,0.3,1.9,27.8,5,0
19,488,7,58,19.4,10.9,4.1,9.4,43.1,1,2.7,35.2,1.8,2.1,83.1,0.5,1.2,1.7,2.7,0.8,0.6,0.1,1,18.3,1,0
19,489,8,64,17.5,8.5,3.2,7.7,41.8,0.8,3.1,25.5,1.3,1.8,69.8,0.7,3.2,3.8,1.4,1.1,0.5,0.4,1.5,16.6,0,0
19,490,6,43,27.9,10.9,4.7,8.8,52.9,0,0,0,1.6,2.5,64.2,4,6.2,10.2,2,1.4,0.7,0.4,2.1,27.9,19,0
19,491,30,52,14,4.8,1.9,4.5,41.5,0.4,1.3,31.9,0.6,0.9,68.1,0.7,2.1,2.8,1.5,0.6,0.4,0.1,1.1,11.3,0,0
19,492,22,4,3.9,2.5,1,2,50,0.5,0.8,66.7,0,0,0,0.3,0.5,0.8,1,0,0.3,0,0,5.7,0,0
19,493,24,51,14.9,6.2,2.2,5.4,41.1,1.5,3.8,38.1,0.4,0.5,78.3,0.3,1.2,1.4,0.5,0.5,0.5,0.1,1.5,10,0,0
19,494,26,21,14.9,5.3,2.1,4.7,44.9,0.7,2.1,31.8,0.4,0.7,60,0.6,2.2,2.8,0.5,0.4,0.5,0.4,1.8,11.6,0,0
19,495,29,11,3.6,0.8,0.3,0.9,30,0.1,0.5,20,0.2,0.2,100,0.3,0.5,0.7,0.1,0.1,0,0,0.3,1.7,0,0
19,496,21,1,0.9,0,0,1,0,0,0,0,0,0,0,1,0,1,0,0,0,0,0,1.2,0,0
19,497,15,48,14.5,6.2,2.2,5.5,40.5,0.9,2.8,33.3,0.8,1.3,62.3,0.6,1.8,2.4,1.2,0.6,0.3,0,1.1,11.2,0,0
19,498,24,57,26.8,10.9,3.8,9.2,41.3,1.6,4.6,34.6,1.7,2.2,74.8,0.6,2.4,3,2.9,1.4,0.9,0.5,1.7,21.8,0,0
19,499,8,25,3.7,0.9,0.4,0.7,50,0.2,0.4,40,0,0.1,33.3,0.3,0.4,0.7,0.2,0.2,0.1,0,0.4,2.2,0,0
19,500,5,1,0.8,0,0,0,0,0,0,0,0,0,0,0,0,0,0,0,0,0,0,0,0,0
19,501,15,6,15.5,7.7,2.7,5,53.3,0,0.2,0,2.3,3,77.8,1.8,2.2,4,0.7,0.7,0.2,0.5,3.3,14.8,0,0
19,502,12,69,20.3,10.2,3.7,9.6,38.9,1.1,3.1,35.6,1.7,2.3,71.9,0.5,2.4,2.9,2.4,1.7,0.8,0.3,1.7,18.9,1,0
19,503,13,62,10.1,3.5,1.5,3.5,42.4,0.1,0.3,21.1,0.5,0.9,52.6,0.3,1.3,1.6,0.7,0.6,0.3,0.1,1.3,7.3,0,0
19,504,14,55,15.9,3.1,1.1,1.8,61.6,0,0,0,0.9,1.6,58.6,1.7,3.9,5.6,0.7,0.8,0.4,0.4,2,12.5,3,0
19,505,18,68,22.9,6.9,2.7,6.6,41.5,0.6,1.9,31.7,0.9,1,84.1,0.3,1.6,2,4.8,0.7,1.2,0.1,1.1,19.6,5,0
19,506,16,10,7.5,2.5,1.1,3.3,33.3,0,1.2,0,0.3,0.4,75,0.3,2.4,2.7,0.2,0.3,0,0,0.9,5.7,1,0
19,507,12,36,31.9,18.8,6.9,16.3,42.3,2.1,6,34.3,2.9,3.9,73,0.6,5,5.6,5.2,2.3,1.7,0.3,2,36.9,5,0
19,508,1,76,17.5,7.4,2.6,6.2,41.9,1.6,4.2,38.9,0.6,0.9,71.2,0.4,2.1,2.6,1.1,0.6,0.6,0.4,1.9,14.3,0,0
19,509,11,2,7.9,1.5,0.5,2,25,0.5,2,25,0,0,0,0.5,0.5,1,0,0,0,0,0,2.7,0,0
19,510,25,16,5.9,1.9,0.6,2.1,30.3,0.1,0.6,22.2,0.5,0.7,72.7,0.1,0.8,0.9,0.8,0.9,0.1,0.1,0.7,3.8,0,0
19,511,5,6,27.9,14.3,6.3,14.5,43.7,0.3,0.8,40,1.3,1.8,72.7,0.7,3.8,4.5,5,1.7,1.8,0.2,2.3,31.6,0,0
19,512,9,53,24.5,10.3,3.5,8.6,40.3,2.6,7,37.1,0.7,0.9,79.6,0.3,1.8,2,1.4,0.8,1,0.1,1.7,17.4,0,0
19,513,5,75,19.2,6.9,2.6,6.4,40.6,0.7,2.3,31.6,0.9,1.2,72.8,0.5,1.9,2.4,1.5,1.1,0.4,0.2,1.7,12.7,1,0
19,514,5,44,25.2,10.3,4.1,8.4,48.5,0.1,0.7,18.8,2,2.5,79.5,2,5,7,1.8,1.5,0.6,1.3,3.5,25.6,7,0
19,515,22,68,18.1,5,1.7,4,41.2,0.4,1.2,36.7,1.2,1.5,81.6,0.5,2.2,2.7,1.1,0.6,0.4,0.3,1.8,11.4,0,0
19,516,30,38,14.1,3.4,1.2,3.4,35.2,0.7,2,32.9,0.3,0.5,68.4,0.3,1.6,1.9,0.6,0.5,0.4,0.3,1.7,8.1,0,0
19,517,12,69,30.3,12.2,4,10.1,40,2.2,5.8,37.2,1.9,2.4,81,0.5,2,2.5,2.3,1.3,0.8,0.2,2.3,20.4,0,0
19,518,8,43,27.7,11.5,4.3,10.7,40.2,1.6,4.6,34.2,1.3,1.7,77,0.7,3.9,4.6,2.9,1.5,0.4,0.5,1.9,22.6,1,0
19,519,26,81,27.3,11.9,5.1,9.1,55.6,0,0,50,1.7,3.1,55.1,2.2,6.1,8.4,2.4,1,1.2,0.6,2.8,30,22,0
19,520,4,58,14,7.3,2.6,5.1,51.9,0.3,0.7,38.5,1.7,2.5,69.4,2,3.3,5.4,1,1,0.3,0.3,1.7,16.1,4,0
19,521,13,51,23.1,6,2.2,5.4,41.8,1.2,3.1,37.3,0.4,0.5,72,0.9,3.3,4.2,1.6,0.9,0.5,0.4,2.4,15.3,0,0
19,522,16,2,6.5,1,0.5,2,25,0,0.5,0,0,0,0,0.5,1,1.5,0,0,0.5,0,0,4.3,0,0
19,523,26,71,15,5.9,2.2,5,43.5,0.8,2.1,36.2,0.8,0.9,89.6,0.2,1.4,1.5,1.9,0.6,0.5,0.1,0.9,11.8,0,0
19,524,15,15,11.6,2.6,1,3.4,29.4,0.1,1.1,12.5,0.5,0.7,70,0.3,1.8,2.1,0.5,0.4,0.3,0.1,0.7,6.5,0,0
19,525,25,77,17.6,6.6,2.5,5.2,47.3,0.5,1.6,33.1,1.2,1.6,74.6,1.4,2.8,4.2,0.9,1,0.3,0.9,2.3,15.6,0,0
19,526,5,63,34.5,23.7,8.4,18,46.7,1.9,5.1,37.4,5,6,83.2,0.6,4,4.7,4.5,3.4,1,0.4,2.2,36.7,2,0
19,527,9,1,3.8,0,0,1,0,0,1,0,0,0,0,0,0,0,0,1,1,0,0,2,0,0
19,528,9,68,12.9,3.9,1.3,2.8,44,0,0.1,0,1.4,1.8,78.2,1.5,2.4,3.9,1.3,0.8,0.5,0.3,2.2,11.9,0,0
19,529,23,6,18.4,6.7,2.3,5.7,41.2,1,2.7,37.5,1,1.3,75,0.5,1.7,2.2,1.7,1,0.3,0.3,1.3,12.8,0,0
19,530,11,1,1,2,1,1,100,0,0,0,0,0,0,0,0,0,0,0,0,0,0,2,0,0
,,14,,,,,,,,,,,,,,,,,,,,,,,
,,13,,,,,,,,,,,,,,,,,,,,,,,
,,27,,,,,,,,,,,,,,,,,,,,,,,
,,9,,,,,,,,,,,,,,,,,,,,,,,
,,2,,,,,,,,,,,,,,,,,,,,,,,
,,18,,,,,,,,,,,,,,,,,,,,,,,
,,14,,,,,,,,,,,,,,,,,,,,,,,
,,23,,,,,,,,,,,,,,,,,,,,,,,
